/*
SQLyog Ultimate v11.33 (64 bit)
MySQL - 5.7.26 : Database - sied
*********************************************************************
*/

/*!40101 SET NAMES utf8 */;

/*!40101 SET SQL_MODE=''*/;

/*!40014 SET @OLD_UNIQUE_CHECKS=@@UNIQUE_CHECKS, UNIQUE_CHECKS=0 */;
/*!40014 SET @OLD_FOREIGN_KEY_CHECKS=@@FOREIGN_KEY_CHECKS, FOREIGN_KEY_CHECKS=0 */;
/*!40101 SET @OLD_SQL_MODE=@@SQL_MODE, SQL_MODE='NO_AUTO_VALUE_ON_ZERO' */;
/*!40111 SET @OLD_SQL_NOTES=@@SQL_NOTES, SQL_NOTES=0 */;
CREATE DATABASE /*!32312 IF NOT EXISTS*/`sied` /*!40100 DEFAULT CHARACTER SET utf8 */;

USE `sied`;

/*Table structure for table `accion` */

DROP TABLE IF EXISTS `accion`;

CREATE TABLE `accion` (
  `iIdAccion` int(10) unsigned NOT NULL AUTO_INCREMENT,
  `vAccion` varchar(200) NOT NULL,
  `vProductoRequerido` varchar(200) NOT NULL,
  `vResultadoEsperado` varchar(200) NOT NULL,
  `dFechaLimite` date NOT NULL DEFAULT '1900-01-01',
  `iPrioridad` tinyint(1) unsigned NOT NULL COMMENT '1:Bajo, 2:Media, 3:Alta, 4:Muy alta',
  `iPonderacion` int(3) unsigned NOT NULL DEFAULT '0' COMMENT 'Numeros enteros  no mayores a 100',
  `iIdASM` int(10) unsigned NOT NULL,
  `iAvance` int(3) unsigned NOT NULL DEFAULT '0' COMMENT 'Porcentaje de avance (máximo 100)',
  `iIdUsuario` int(10) unsigned NOT NULL COMMENT 'Último usuario que actualiza el avance',
  `dFechaActualizacion` datetime NOT NULL DEFAULT '1900-01-01 00:00:00' COMMENT 'Fecha de última actualización de avance',
  `iActivo` tinyint(1) unsigned NOT NULL DEFAULT '1' COMMENT '0:No, 1:Sí',
  PRIMARY KEY (`iIdAccion`),
  KEY `FK_Accion_ASM` (`iIdASM`),
  KEY `FK_Accion_Usuario` (`iIdUsuario`),
  CONSTRAINT `FK_Accion_ASM` FOREIGN KEY (`iIdASM`) REFERENCES `asm` (`iIdASM`),
  CONSTRAINT `FK_Accion_Usuario` FOREIGN KEY (`iIdUsuario`) REFERENCES `usuario` (`iIdUsuario`)
) ENGINE=InnoDB DEFAULT CHARSET=utf8;

/*Data for the table `accion` */

/*Table structure for table `accionadjunto` */

DROP TABLE IF EXISTS `accionadjunto`;

CREATE TABLE `accionadjunto` (
  `iIdAccionAdjunto` int(10) unsigned NOT NULL AUTO_INCREMENT,
  `iIdAccion` int(10) unsigned NOT NULL,
  `vNombreAdjunto` varchar(150) NOT NULL,
  `vRutaAdjunto` varchar(150) NOT NULL,
  `iEstatus` tinyint(1) unsigned NOT NULL COMMENT '1:Sin revisar, 2:Rechazado, 3:Aprobado',
  `iActivo` tinyint(1) unsigned NOT NULL DEFAULT '1' COMMENT '0:NO, 1:Sí',
  PRIMARY KEY (`iIdAccionAdjunto`),
  KEY `FK_AccionAdjunto_Accion` (`iIdAccion`),
  CONSTRAINT `FK_AccionAdjunto_Accion` FOREIGN KEY (`iIdAccion`) REFERENCES `accion` (`iIdAccion`)
) ENGINE=InnoDB DEFAULT CHARSET=utf8;

/*Data for the table `accionadjunto` */

/*Table structure for table `accionresponsable` */

DROP TABLE IF EXISTS `accionresponsable`;

CREATE TABLE `accionresponsable` (
  `iIdAccion` int(10) unsigned NOT NULL,
  `iIdUsuario` int(10) unsigned NOT NULL COMMENT 'Usuario responsable',
  PRIMARY KEY (`iIdAccion`,`iIdUsuario`),
  KEY `FK_AccionResponsable_Usuario` (`iIdUsuario`),
  CONSTRAINT `FK_AccionResponsable_Accion` FOREIGN KEY (`iIdAccion`) REFERENCES `accion` (`iIdAccion`),
  CONSTRAINT `FK_AccionResponsable_Usuario` FOREIGN KEY (`iIdUsuario`) REFERENCES `usuario` (`iIdUsuario`)
) ENGINE=InnoDB DEFAULT CHARSET=utf8;

/*Data for the table `accionresponsable` */

/*Table structure for table `ambito` */

DROP TABLE IF EXISTS `ambito`;

CREATE TABLE `ambito` (
  `iIdAmbito` int(10) unsigned NOT NULL AUTO_INCREMENT,
  `vAmbito` varchar(50) NOT NULL,
  `iActivo` tinyint(1) unsigned NOT NULL DEFAULT '1',
  PRIMARY KEY (`iIdAmbito`)
) ENGINE=InnoDB AUTO_INCREMENT=4 DEFAULT CHARSET=utf8;

/*Data for the table `ambito` */

insert  into `ambito`(`iIdAmbito`,`vAmbito`,`iActivo`) values (1,'Federal',1),(2,'Estatal',1),(3,'Local',1);

/*Table structure for table `apartado` */

DROP TABLE IF EXISTS `apartado`;

CREATE TABLE `apartado` (
  `iIdApartado` int(10) unsigned NOT NULL AUTO_INCREMENT,
  `iIdPlantilla` int(10) unsigned NOT NULL,
  `vApartado` varchar(200) NOT NULL,
  `iActivo` tinyint(1) unsigned NOT NULL DEFAULT '1' COMMENT '1:Sí, 0:No',
  PRIMARY KEY (`iIdApartado`),
  KEY `FK_Apartado_Plantilla` (`iIdPlantilla`),
  CONSTRAINT `FK_Apartado_Plantilla` FOREIGN KEY (`iIdPlantilla`) REFERENCES `plantilla` (`iIdPlantilla`)
) ENGINE=InnoDB AUTO_INCREMENT=120 DEFAULT CHARSET=utf8;

/*Data for the table `apartado` */

insert  into `apartado`(`iIdApartado`,`iIdPlantilla`,`vApartado`,`iActivo`) values (1,5,'Características del Programa Presupuestario',1),(2,5,'Justificación de la creación y el diseño del programa',1),(3,5,'Apartado 1',1),(4,5,'Plantilla',1),(5,15,'Apartado 1',1),(6,15,'Apartado 2',1),(7,16,'Apartado 1',1),(8,16,'Apartado 2',1),(9,15,'Plantilla',1),(10,15,'Diseño',1),(11,15,'Planeación Estratégica',1),(12,15,'Cobertura y Focalización',1),(13,15,'Operación',1),(14,15,'Percepción de la Población Objetivo',1),(15,15,'Resultados',1),(16,15,'Evaluación de la Aplicación de los Recursos',1),(17,15,'Descripción de la Operación del Fondo',1),(18,15,'Orientación para Resultados',1),(19,15,'Administración Financiera',1),(20,15,'Ejercicio de los Recursos',1),(21,15,'I. ANÁLISIS DE LA JUSTIFICACIÓN DE LA CREACIÓN Y DEL DISEÑO DEL PROGRAMA',1),(22,15,'II. ANÁLISIS DE LA CONTRIBUCIÓN DEL PROGRAMA A LOS OBJETIVOS ESTATALES Y LOS SECTORIALES',1),(23,15,'III. ANÁLISIS DE LA POBLACIÓN POTENCIAL Y OBJETIVO',1),(24,15,'IV. EVALUACIÓN Y ANÁLISIS DE LA MATRIZ DE INDICADORES PARA RESULTADOS',1),(25,15,'V. ANÁLISIS DE POSIBLES COMPLEMENTARIEDADES Y COINCIDENCIAS CON OTROS PROGRAMAS ESTATALES',1),(26,15,'VI. VALORACIÓN FINAL DEL DISEÑO DEL PROGRAMA',1),(27,15,'I. CARACTERÍSTICAS DEL PROGRAMA Y DEL FONDO',1),(28,15,'II. PLANEACIÓN ESTRATÉGICA',1),(29,15,'III. COBERTURA DE ATENCIÓN',1),(30,15,'IV. INDICADORES',1),(31,15,'V. OPERACIÓN DEL FONDO',1),(32,15,'VI. ADMINISTRACIÓN FINANCIERA',1),(33,15,'VII. EJERCICIO DE LOS RECURSOS',1),(34,15,'Características del fondo',1),(35,15,'Identificación y clasificación de los procesos',1),(36,15,'Descripción y análisis de los procesos operativos',1),(37,15,'Análisis y medición de los atributos de los procesos',1),(38,15,'Variación de la Cobertura de Atención',1),(39,15,'Operación del Fondo',1),(40,15,'Cumplimiento de Resultados',1),(41,15,'Justificación',1),(42,15,'Matriz de Indicadores del Programa',1),(43,15,'Operación del Programa',1),(44,15,'Indicadores',1),(45,15,'Justificación de la creación y el diseño del programa',1),(46,15,'Contribución del Programa a la Planeación del Desarrollo',1),(47,15,'Población potencial, objetivo y mecanismos de elegibilidad',1),(48,15,'Padrón de beneficiarios y mecanismos de atención',1),(49,15,'Matriz de Indicadores para Resultados (MIR)',1),(50,15,'Presupuesto y rendición de cuentas',1),(51,15,'Complementariedades y coincidencias con otros programas y estatales',1),(52,15,'Características del Programa Presupuestario',1),(53,15,'Gestión',1),(54,15,'Cobertura de los Programas',1),(55,15,'Seguimiento a los apoyos otorgados',1),(56,15,'Calidad en el Servicio',1),(57,15,'Población Potencial, Objetivo y Atendida y Mecanismos de elegibilidad',1),(58,15,'Matriz de Indicadores para Resultados (MIR) De la lógica vertical de la Matriz de Indicadores para Resultados',1),(59,15,'Presupuesto y Rendición de cuentas Registro de operaciones programáticas y presupuestales',1),(60,15,'Complementariedades y coincidencias con otros programas estatales ',1),(61,15,'Características del Programa',1),(62,15,'De la atención a Aspectos Susceptibles de Mejora',1),(63,15,'Avance en el cumplimiento de resultados',1),(64,15,'Gestión y Administración Financiera',1),(65,7,'Diseño',1),(66,7,'Planeación Estratégica',1),(67,7,'Cobertura y Focalización',1),(68,7,'Operación',1),(69,7,'Percepción de la Población Objetivo',1),(70,7,'Resultados',1),(71,7,'Evaluación de la Aplicación de los Recursos',1),(72,7,'Descripción de la Operación del Fondo',1),(73,7,'Orientación para Resultados',1),(74,7,'Administración Financiera',1),(75,7,'Ejercicio de los Recursos',1),(76,7,'I. ANÁLISIS DE LA JUSTIFICACIÓN DE LA CREACIÓN Y DEL DISEÑO DEL PROGRAMA',1),(77,7,'II. ANÁLISIS DE LA CONTRIBUCIÓN DEL PROGRAMA A LOS OBJETIVOS ESTATALES Y LOS SECTORIALES',1),(78,7,'III. ANÁLISIS DE LA POBLACIÓN POTENCIAL Y OBJETIVO',1),(79,7,'IV. EVALUACIÓN Y ANÁLISIS DE LA MATRIZ DE INDICADORES PARA RESULTADOS',1),(80,7,'V. ANÁLISIS DE POSIBLES COMPLEMENTARIEDADES Y COINCIDENCIAS CON OTROS PROGRAMAS ESTATALES',1),(81,7,'VI. VALORACIÓN FINAL DEL DISEÑO DEL PROGRAMA',1),(82,7,'I. CARACTERÍSTICAS DEL PROGRAMA Y DEL FONDO',1),(83,7,'II. PLANEACIÓN ESTRATÉGICA',1),(84,7,'III. COBERTURA DE ATENCIÓN',1),(85,7,'IV. INDICADORES',1),(86,7,'V. OPERACIÓN DEL FONDO',1),(87,7,'VI. ADMINISTRACIÓN FINANCIERA',1),(88,7,'VII. EJERCICIO DE LOS RECURSOS',1),(89,7,'Características del fondo',1),(90,7,'Identificación y clasificación de los procesos',1),(91,7,'Descripción y análisis de los procesos operativos',1),(92,7,'Análisis y medición de los atributos de los procesos',1),(93,7,'Variación de la Cobertura de Atención',1),(94,7,'Operación del Fondo',1),(95,7,'Cumplimiento de Resultados',1),(96,7,'Justificación',1),(97,7,'Matriz de Indicadores del Programa',1),(98,7,'Operación del Programa',1),(99,7,'Indicadores',1),(100,7,'Justificación de la creación y el diseño del programa',1),(101,7,'Contribución del Programa a la Planeación del Desarrollo',1),(102,7,'Población potencial, objetivo y mecanismos de elegibilidad',1),(103,7,'Padrón de beneficiarios y mecanismos de atención',1),(104,7,'Matriz de Indicadores para Resultados (MIR)',1),(105,7,'Presupuesto y rendición de cuentas',1),(106,7,'Complementariedades y coincidencias con otros programas y estatales',1),(107,7,'Características del Programa Presupuestario',1),(108,7,'Gestión',1),(109,7,'Cobertura de los Programas',1),(110,7,'Seguimiento a los apoyos otorgados',1),(111,7,'Calidad en el Servicio',1),(112,7,'Población Potencial, Objetivo y Atendida y Mecanismos de elegibilidad',1),(113,7,'Matriz de Indicadores para Resultados (MIR) De la lógica vertical de la Matriz de Indicadores para Resultados',1),(114,7,'Presupuesto y Rendición de cuentas Registro de operaciones programáticas y presupuestales',1),(115,7,'Complementariedades y coincidencias con otros programas estatales ',1),(116,7,'Características del Programa',1),(117,7,'De la atención a Aspectos Susceptibles de Mejora',1),(118,7,'Avance en el cumplimiento de resultados',1),(119,7,'Gestión y Administración Financiera',1);

/*Table structure for table `asm` */

DROP TABLE IF EXISTS `asm`;

CREATE TABLE `asm` (
  `iIdASM` int(10) unsigned NOT NULL AUTO_INCREMENT,
  `vNombreASM` varchar(250) NOT NULL,
  `iAnioEvaluacion` int(4) unsigned NOT NULL,
  `iPrioridad` tinyint(1) unsigned NOT NULL COMMENT '1:Bajo, 2:Media, 3:Alta, 4:Muy alta',
  `iClasificacion` tinyint(1) unsigned NOT NULL COMMENT '1:Especifico, 2:Institucional, 3:Interinstitucional, 4:Intergubernamental',
  `iIdEvaluacion` int(10) unsigned NOT NULL,
  `iActivo` tinyint(1) unsigned NOT NULL DEFAULT '1' COMMENT '0:No, 1:Sí',
  PRIMARY KEY (`iIdASM`),
  KEY `FK_ASM_Evaluacion` (`iIdEvaluacion`),
  CONSTRAINT `FK_ASM_Evaluacion` FOREIGN KEY (`iIdEvaluacion`) REFERENCES `evaluacion` (`iIdEvaluacion`)
) ENGINE=InnoDB DEFAULT CHARSET=utf8;

/*Data for the table `asm` */

/*Table structure for table `asmconclusion` */

DROP TABLE IF EXISTS `asmconclusion`;

CREATE TABLE `asmconclusion` (
  `iIdASM` int(10) unsigned NOT NULL,
  `iIdConclusion` int(10) unsigned NOT NULL,
  PRIMARY KEY (`iIdASM`,`iIdConclusion`),
  KEY `FK_ASMConclusion_Conclusion` (`iIdConclusion`),
  CONSTRAINT `FK_ASMConclusion_ASM` FOREIGN KEY (`iIdASM`) REFERENCES `asm` (`iIdASM`),
  CONSTRAINT `FK_ASMConclusion_Conclusion` FOREIGN KEY (`iIdConclusion`) REFERENCES `conclusion` (`iIdConclusion`)
) ENGINE=InnoDB DEFAULT CHARSET=utf8;

/*Data for the table `asmconclusion` */

/*Table structure for table `conclusion` */

DROP TABLE IF EXISTS `conclusion`;

CREATE TABLE `conclusion` (
  `iIdConclusion` int(10) unsigned NOT NULL AUTO_INCREMENT,
  `iIdEvaluacion` int(10) unsigned NOT NULL,
  `iIdPregunta` int(10) unsigned NOT NULL,
  `vConclusion` varchar(255) NOT NULL,
  `vRecomendacion` varchar(255) NOT NULL,
  `vObservacion` varchar(255) NOT NULL,
  `vFuenteInformacion` varchar(255) NOT NULL,
  `iTipoConclusion` int(10) unsigned NOT NULL,
  `iASM` tinyint(1) NOT NULL DEFAULT '0' COMMENT 'Indica si es una ASM 0:No, 1:Sí',
  `vJustificacionASM` varchar(100) NOT NULL COMMENT 'Justificación de porque debe ser un ASM',
  `iActivo` tinyint(1) unsigned NOT NULL DEFAULT '1' COMMENT '0:No, 1:Sí',
  PRIMARY KEY (`iIdConclusion`),
  KEY `FK_Conclusion_Evaluacion` (`iIdEvaluacion`),
  KEY `FK_Conclusion_Pregunta` (`iIdPregunta`),
  CONSTRAINT `FK_Conclusion_Evaluacion` FOREIGN KEY (`iIdEvaluacion`) REFERENCES `evaluacion` (`iIdEvaluacion`),
  CONSTRAINT `FK_Conclusion_Pregunta` FOREIGN KEY (`iIdPregunta`) REFERENCES `pregunta` (`iIdPregunta`)
) ENGINE=InnoDB AUTO_INCREMENT=3 DEFAULT CHARSET=utf8;

/*Data for the table `conclusion` */

insert  into `conclusion`(`iIdConclusion`,`iIdEvaluacion`,`iIdPregunta`,`vConclusion`,`vRecomendacion`,`vObservacion`,`vFuenteInformacion`,`iTipoConclusion`,`iASM`,`vJustificacionASM`,`iActivo`) values (1,15,9,'Se llegó a la conclusión de ...','México.','','',1,1,'',1),(2,3,2,'eeef','','','',2,1,'',1);

/*Table structure for table `eje` */

DROP TABLE IF EXISTS `eje`;

CREATE TABLE `eje` (
  `iIdEje` int(10) NOT NULL AUTO_INCREMENT,
  `vEje` varchar(100) NOT NULL,
  `iActivo` tinyint(1) NOT NULL DEFAULT '1' COMMENT '1:Sí, 0:No',
  PRIMARY KEY (`iIdEje`)
) ENGINE=InnoDB AUTO_INCREMENT=11 DEFAULT CHARSET=utf8;

/*Data for the table `eje` */

insert  into `eje`(`iIdEje`,`vEje`,`iActivo`) values (-1,'N/A',1),(1,'Yucatán con Economía Inclusiva',1),(2,'Yucatán con Calidad de Vida y Bienestar Social',1),(3,'Yucatán Cultural con Identidad para el Desarrollo',1),(4,'Yucatán Verde y Sustentable',1),(5,'Yucatán con igualdad de génerooportunidades y no discriminación',1),(6,'Yucatán con igualdad deoportunidades y no discriminación',1),(7,'Innovación, conocimiento y tecnología',1),(8,'Paz,Justicia y Gobernabilidad',1),(9,'Yucatán con Gobierno Abierto, Eficiente y Finanzas Sanas',1),(10,'Ciudades y Comunidades Sostenibles',1);

/*Table structure for table `estrategia` */

DROP TABLE IF EXISTS `estrategia`;

CREATE TABLE `estrategia` (
  `iIdEstrategia` int(10) NOT NULL AUTO_INCREMENT,
  `vEstrategia` varchar(250) NOT NULL,
  `iIdObjetivo` int(10) NOT NULL,
  `iActivo` tinyint(1) NOT NULL DEFAULT '1' COMMENT '1:Sí, 0:No',
  PRIMARY KEY (`iIdEstrategia`),
  KEY `FK_Estrategia_Objetivo` (`iIdObjetivo`),
  CONSTRAINT `FK_Estrategia_Objetivo` FOREIGN KEY (`iIdObjetivo`) REFERENCES `objetivo` (`iIdObjetivo`)
) ENGINE=InnoDB AUTO_INCREMENT=178 DEFAULT CHARSET=utf8;

/*Data for the table `estrategia` */

insert  into `estrategia`(`iIdEstrategia`,`vEstrategia`,`iIdObjetivo`,`iActivo`) values (1,'Fortalecer la profesionalización de las empresas para el comercio local, nacional e internacional con enfoque de sostenibilidad y responsabilidad social',1,1),(2,'Impulsar la tecnificación digital en las actividades comerciales',1,1),(3,'Fortalecer la productividad y competitividad empresarial',2,1),(4,'Impulsar la comercialización de los productos locales',2,1),(5,'Impulsar las ventajas competitivas del estado',3,1),(6,'Fomentar esquemas que eleven la competitividad del talento en Yucatán',3,1),(7,'Promocionar la propuesta de valor del estado',4,1),(8,'Fomentar la reducción de costos de inversión extranjera a través de un sistema de consolidación de inversiones para el estado de Yucatán',4,1),(9,'Fortalecer la producción sostenible entre las empresas del sector manufacturero e industrial',5,1),(10,'Inducir las condiciones para el desarrollo industrial integral',5,1),(11,'Impulsar el desarrollo de las zonas y proyectos industriales sostenibles',6,1),(12,'Impulsar la inclusión y responsabilidad social en el sector industrial',6,1),(13,'Fomentar la especialización de los prestadores de servicios turísticos del estado orientados a la sostenibilidad',7,1),(14,'Impulsar la diversificación de los productos y servicios turísticos sostenibles',7,1),(15,'Promover la imagen y los atractivos turísticos del estado a nivel nacional e internacional',8,1),(16,'Fortalecer los segmentos de mercado turístico, existentes y potenciales',8,1),(17,'Desarrollar la calidad de los productos y servicios turísticos del estado',9,1),(18,'Fomentar una economía turística incluyente en las comunidades del estado con potencial turístico',9,1),(19,'Promover la inclusión laboral productiva',10,1),(20,'Impulsar la regularización de la seguridad social de la población trabajadora',10,1),(21,'Impulsar esquemas que aumenten la productividad laboral en el estado',11,1),(22,'Promover la alta productividad de las empresas',11,1),(23,'Generar capacidades de emprendimiento inclusivo y sostenible',12,1),(24,'Impulsar el emprendimiento en los grupos vulnerables',12,1),(25,'Impulsar acciones que permitan el emprendimiento local en igualdad de oportunidades en el mercado interno, nacional e internacional',12,1),(26,'Fortalecer la capacidad del sector agropecuario de manera sostenible',13,1),(27,'Fomentar el uso de la tecnología en el sector agropecuario',13,1),(28,'Fomentar la sostenibilidad ambiental y sanidad en las actividades agropecuarias del estado',13,1),(29,'Impulsar un sector pecuario productivo y sostenible',14,1),(30,'Promover la mejora genética de las especies pecuarias del estado',14,1),(31,'Consolidar un sector agroalimentario productivo que garantice la seguridad alimentaria en el estado',15,1),(32,'Fomentar la calidad de la producción agrícola',15,1),(33,'Impulsar la competitividad sostenible de los productos pesqueros y acuícolas',16,1),(34,'Promover el consumo interno de productos acuícolas y pesqueros para mejorar la calidad alimenticia de los sectores más desprotegidos',16,1),(35,'Promover la investigación y transferencia tecnológica para el desarrollo sustentable de la pesca y la acuacultura',16,1),(36,'Fomentar acciones para proteger los ecosistemas en las zonas donde se desarrollan actividades pesqueras y acuícolas',16,1),(37,'Fortalecer la gestión hospitalaria y el desarrollo del capital humano en salud con enfoque de inclusión e interculturalidad',17,1),(38,'Impulsar una estrategia integral de formación para la mejora continua de la calidad de los servicios de salud del estado',17,1),(39,'Impulsar el desarrollo y uso de infraestructura sostenible, así como de las tecnologías de la información, en las instituciones de salud de todos los municipios del estado',17,1),(40,'Fomentar acciones de promoción y prestación de servicios de la salud entre la población en situación de vulnerabilidad',18,1),(41,'Fortalecer acciones de prevención y atención integral de enfermedades para reducir los daños a la salud',18,1),(42,'Fortalecer la prevención y atención integral de los trastornos mentales y riesgo suicida para favorecer el bienestar biopsicosocial del individuo y la sociedad',18,1),(43,'Fortalecer la protección contra riesgos sanitarios en establecimientos y puntos sujetos a control sanitario para prevenir enfermedades asociadas',18,1),(44,'Impulsar la participación de autoridades locales y comunitarias en el mejoramiento de las determinantes sociales en salud para incidir positivamente en la salud pública',18,1),(45,'Impulsar la atención integral para las personas con malnutrición y desnutrición severa y moderada',19,1),(46,'Promover hábitos alimenticios con alto valor nutricional con énfasis en las comunidades marginadas',19,1),(47,'Fomentar mecanismos que garanticen el acceso a una vida sana a la población con inseguridad alimentaria',20,1),(48,'Incentivar el autoconsumo, principalmente en zonas de alta inseguridad alimentaria',20,1),(49,'Impulsar mecanismos que reduzcan las carencias sociales en las comunidades indígenas',21,1),(50,'Fomentar esquemas que eliminen las brechas sociales de personas maya hablantes potenciando el respeto a los derechos y sus tradiciones',21,1),(51,'Fortalecer la infraestructura educativa básica y media superior, priorizando a las comunidades con mayor rezago educativo',22,1),(52,'Fomentar acciones de alfabetización integral en las comunidades con mayor rezago educativo',22,1),(53,'Fortalecer la calidad de la educación en todos sus niveles',23,1),(54,'Impulsar mecanismos que garanticen el derecho a la educación laica, gratuita, de calidad y libre de discriminación',23,1),(55,'Impulsar esquemas de financiamiento para la adquisición, construcción, ampliación y mejoramiento de vivienda',24,1),(56,'Fortalecer las acciones que mejoran la calidad y los espacios de la vivienda',24,1),(57,'Promover acciones de infraestructura básica que permitan el acceso de la población a servicios de calidad para la vivienda',25,1),(58,'Elevar la calidad del entorno y el acceso a servicios básicos en la vivienda',25,1),(59,'Impulsar acciones dirigidas a la protección laboral y social de la población, que permitan llevar una vida digna',26,1),(60,'Fortalecer esquemas que incrementen la cobertura y el acceso al sistema de seguridad social para la población en situación de pobreza',26,1),(61,'Impulsar un sistema de seguridad social que garantice el bienestar del adulto mayor',26,1),(62,'Fortalecer la infraestructura cultural de calidad incluyente y resiliente',27,1),(63,'Fortalecer la oferta cultural incluyente y accesible para toda la población',27,1),(64,'Impulsar la adopción del modelo de economía naranja, logrando con ello el encadenamiento de ideas para su posterior transformación en bienes y servicios culturales cuyo valor este determinado por su contenido de propiedad intelectual',27,1),(65,'Promocionar los eventos y servicios culturales',28,1),(66,'Facilitar el acceso a los eventos, productos y servicios artísticos y culturales',28,1),(67,'Fomentar la producción literaria y el hábito de la lectura',28,1),(68,'Promover las tradiciones, lenguaje, costumbres, valores y todas las formas de expresión de la identidad y la cultura yucateca',29,1),(69,'Fomentar el desarrollo de las actividades artesanales',29,1),(70,'Fomentar el surgimiento de nuevos creadores de arte',30,1),(71,'Impulsar a los creadores de arte y promotores de cultura de la entidad',30,1),(72,'Fortalecer el aprendizaje musical y la educación artística de calidad en el sistema educativo',31,1),(73,'Procurar la vinculación entre el sistema educativo y profesionales del arte',31,1),(74,'Impulsar la formación de profesionales de las artes',32,1),(75,'Consolidar la oferta educativa superior en artes',32,1),(76,'Fomentar el conocimiento del patrimonio material, natural e inmaterial del estado',33,1),(77,'Fortalecer el patrimonio cultural',33,1),(78,'Fortalecer la preparación de los talentos deportivos de forma incluyente',34,1),(79,'Fortalecer el nivel de desarrollo de los deportistas de alto rendimiento',34,1),(80,'Fomentar la cultura física como estilo de vida saludable',35,1),(81,'Fomentar la cultura de recreación física',35,1),(82,'Facilitar el acceso a los eventos deportivos',36,1),(83,'Promover la realización de eventos deportivos',36,1),(84,'Fortalecer acciones para la conservación de las áreas naturales protegidas',37,1),(85,'Impulsar acciones a favor de la protección y aprovechamiento sustentable de la biodiversidad',37,1),(86,'Fortalecer los mecanismos de regulación y capacitación para la administración y conservación de los recursos naturales del estado',37,1),(87,'Impulsar acciones de reforestación mediante el manejo sustentable de especies endémicas que incrementen la superficie arbórea',38,1),(88,'Fortalecer acciones de prevención que disminuyan la deforestación',38,1),(89,'Impulsar medidas de adaptación y mitigación ante el cambio climático',39,1),(90,'Impulsar acciones que reduzcan el impacto de los desastres naturales',39,1),(91,'Fomentar una economía baja en emisiones de carbono en Yucatán',40,1),(92,'Fomentar la gestión integral de la calidad del aire',40,1),(93,'Fortalecer la cultura de reutilización de aguas residuales, para disminuir la demanda del agua',41,1),(94,'Mejorar la infraestructura y el funcionamiento en torno al abastecimiento y tratamiento del agua',41,1),(95,'Promover la innovación y la economía circular en el saneamiento del agua',41,1),(96,'Impulsar el uso responsable del agua para disminuir su contaminación y desperdicio',42,1),(97,'Impulsar mecanismos e instrumentos de monitoreo e inspección de la calidad del agua',42,1),(98,'Impulsar una cultura del adecuado manejo de residuos que disminuya los riesgos ambientales',43,1),(99,'Impulsar acciones que contribuyan a la reducción de residuos sólidos',44,1),(100,'Promover acciones que contribuyan a la reutilización de materiales de desecho',44,1),(101,'Impulsar el desarrollo tecnológico de energías limpias',45,1),(102,'Impulsar la generación de energía de fuentes renovables y la eficiencia energética compatible con el entorno social y ambiental',45,1),(103,'Fomentar la generación de energías limpias',46,1),(104,'Priorizar acciones que reduzcan costos por consumo de energéticos',46,1),(105,'Fortalecer las acciones que incrementen la conservación de las especies marinas',47,1),(106,'Impulsar acciones de protección de playas y mares que aumenten su conservación',47,1),(107,'Fortalecer el sistema de transporte público para disminuir los tiempos de traslado de la población',48,1),(108,'Impulsar acciones que permitan el acceso al transporte público atendiendo las necesidades de las personas en situación de vulnerabilidad',48,1),(109,'Fortalecer la infraestructura vial urbana que incremente las alternativas de movilidad en las ciudades',49,1),(110,'Impulsar la cultura vial para la reducción de accidentes',49,1),(111,'Promover sistemas de movilidad urbana asequibles y sustentables',49,1),(112,'Impulsar la mejora continua de los servicios y capacitación del personal de salud para garantizar el acceso y ejercicio del derecho a la salud de las mujeres en forma incluyente',50,1),(113,'Promover mecanismos para la prevención y atención del embarazo adolescente en todo el Sistema de Salud',50,1),(114,'Reducir la deserción, abandono y rezago educativo de las mujeres',51,1),(115,'Impulsar una mayor participación y presencia de las mujeres en los campos de las ciencias, ingenierías, y tecnologías',51,1),(116,'Promover la autonomía y el empoderamiento de las mujeres para el desarrollo económico sostenible',52,1),(117,'Impulsar el acceso de las mujeres a cargos de toma de decisiones y un mayor involucramiento en las decisiones públicas',52,1),(118,'Fortalecer la coordinación interinstitucional para prevenir, atender y sancionar prácticas que vulneren los derechos de las mujeres',53,1),(119,'Promover mecanismos para involucrar a la sociedad en la prevención de las violencias hacia las mujeres',53,1),(120,'Implementar acciones que garanticen la seguridad y la salud integral de las mujeres en situación de violencia',53,1),(121,'Facilitar el acceso de las mujeres a la justicia',53,1),(122,'Fortalecer los sistemas de información sobre las violencias hacia las mujeres',53,1),(123,'Fomentar la igualdad de oportunidades de los derechos de las personas en situación de vulnerabilidad',54,1),(124,'Impulsar la igualdad de oportunidades de bienestar social de las personas en situación de vulnerabilidad',54,1),(125,'Promover oportunidades de una vida digna para las personas en situación de vulnerabilidad',54,1),(126,'Impulsar acciones que contribuyan con el ejercicio de los derechos políticos, sociales y culturales en condiciones de igualdad y no discriminación',54,1),(127,'Mejorar la cobertura de la educación superior en el estado de manera sostenible e inclusiva',55,1),(128,'Vincular de manera sostenible y permanente el sector productivo con el educativo para satisfacer la demanda actual y emergente de capital humano de las empresas',55,1),(129,'Impulsar de manera sostenible e inclusiva la formación temprana de la ciencia',55,1),(130,'Fortalecer la pertinencia de la educación superior en el estado de manera sostenible e inclusiva',55,1),(131,'Mejorar de manera permanente y sostenible la calidad de los posgrados',56,1),(132,'Fortalecer de manera sostenible e inclusiva la eficiencia terminal de los estudiantes de educación superior',56,1),(133,'Impulsar la generación de conocimiento en ciencia, tecnología, artes y humanidades',57,1),(134,'Extender de manera sostenible e inclusiva la vinculación de las ciencias, la tecnología, las artes y las humanidades con instituciones nacionales e internacionales',57,1),(135,'Impulsar la aplicación de la ciencia y la tecnología en la solución de problemas estratégicos de manera permanente y sostenible',57,1),(136,'Impulsar de manera permanente y sostenible la innovación para el desarrollo del estado',58,1),(137,'Favorecer de manera sostenible e inclusiva el desarrollo de invenciones en los sectores público, privado y social',58,1),(138,'Fortalecer de manera sostenible la infraestructura para el conocimiento científico, tecnológico e innovación',58,1),(139,'Fortalecer de manera sostenible la prevención del delito con un enfoque de derechos humanos y especial énfasis en la igualdad de género y la interculturalidad',59,1),(140,'Impulsar la mediación comunitaria con perspectiva de género',59,1),(141,'Fortalecer la profesionalización y dignificación de los elementos policiales del estado de forma incluyente y sostenible',59,1),(142,'Reforzar las acciones de seguridad vial en el estado',59,1),(143,'Fortalecer la seguridad pública con énfasis en las regiones de mayor vulnerabilidad y en apego a los derechos humanos',60,1),(144,'Implementar acciones que fomenten el cumplimiento de la Ley en favor de la seguridad de las y los habitantes',60,1),(145,'Fortalecer la infraestructura y organización institucional de procuración de justicia en el estado\n',61,1),(146,'Mejorar  la calidad en la atención a las y los usuarios del Sistema de Justicia',61,1),(147,'Fortalecer los mecanismos de acceso a la justicia de los grupos en situación de vulnerabilidad',61,1),(148,'Fortalecer el marco normativo de procuración de justicia en el estado,con enfoque de derechos humanos',62,1),(149,'Fortalecer las instituciones de justicia se constituyan como instituciones sólidas y de vanguardia',62,1),(150,'Fortalecer la cultura de la transparencia en las instituciones de seguridad y justicia en el estado',63,1),(151,'Impulsar acciones que aumenten la certeza jurídica de las personas de forma incluyente y sostenible',63,1),(152,'Promover acciones para el desarrollo integral de los municipios del estado',63,1),(153,'Acercar los servicios de las instituciones vinculadas con la seguridad, justicia y certeza jurídica de forma incluyente y sostenible',63,1),(154,'Fortalecer la coordinación para la cooperación internacional y entre gobiernos subnacionales para el desarrollo incluyente y sostenible',64,1),(155,'Impulsar la participación y organización de eventos de carácter internacional',64,1),(156,'Facilitar la accesibilidad, consulta y procesamiento de la información para la toma de decisiones',65,1),(157,'Fomentar la participación y colaboración ciudadana para que la Administración Pública Estatal realice sus acciones en apego a los principios de transparencia y rendición de cuentas',65,1),(158,'Vigilar la correcta aplicación de los recursos públicos',66,1),(159,'Fortalecer los mecanismos de prevención y sanción ante actos de corrupción',66,1),(160,'Fomentar la incorporación del enfoque a resultados en el proceso de planeación, programación, presupuestación, control, seguimiento y evaluación',67,1),(161,'Favorecer los mecanismos de seguimiento y evaluación del desempeño',67,1),(162,'Impulsar la política de mejora regulatoria para mejorar la atracción de inversiones y el bienestar social en el Estado de Yucatán y sus municipios',68,1),(163,'Impulsar la gestión por procesos para mejorar la eficiencia y calidad en la administración pública estatal',68,1),(164,'Fortalecer la gestión de los recursos humanos y patrimoniales del Gobierno del Estado garantizando su sostenibilidad',68,1),(165,'Fortalecer las capacidades de recaudación del Gobierno del Estado',69,1),(166,'Mejorar la gestión del gasto público',69,1),(167,'Fomentar la inversión pública y privada sostenible',70,1),(168,'Establecer mecanismos de cobertura vial que permita el acceso a todas las comunidades del estado',71,1),(169,'Fortalecer la infraestructura ferroviaria sostenible',71,1),(170,'Fortalecer la infraestructura logística de transporte a través del rescate y modernización integral y sostenible de los puertos y aeropuertos del estado',71,1),(171,'Fortalecer el acceso a las redes y servicios de telecomunicaciones en las comunidades del estado',72,1),(172,'Fortalecer la infraestructura tecnológica con enfoque de sostenibilidad',72,1),(173,'Impulsar la participación de la industria de telecomunicaciones en los modelos educativos',72,1),(174,'Impulsar un esquema de ordenamiento territorial de los asentamientos humanos que favorezca el desarrollo sostenible de las ciudades y comunidades',73,1),(175,'Impulsar acciones para el cumplimiento de la normatividad urbana en coordinación con los sectores público, privado, social y académico',73,1),(176,'Impulsar la elaboración de planes de ordenamiento ecológico local',73,1),(177,'Estructurar los proyectos de infraestructura mediante una planeación consciente y racional con base en la rentabilidad económica y social',73,1);

/*Table structure for table `evaluacion` */

DROP TABLE IF EXISTS `evaluacion`;

CREATE TABLE `evaluacion` (
  `iIdEvaluacion` int(10) unsigned NOT NULL AUTO_INCREMENT,
  `iIdPlantilla` int(10) unsigned NOT NULL,
  `iIdIntervencion` int(10) unsigned NOT NULL,
  `vNombreEvaluacion` varchar(150) NOT NULL,
  `dFechaInicio` date NOT NULL DEFAULT '1900-01-01',
  `dFechaFin` date NOT NULL DEFAULT '1900-01-01',
  `vObjetivo` varchar(255) NOT NULL,
  `vObjetivoEspecifico` varchar(255) NOT NULL,
  `iIdUsuario` int(10) unsigned DEFAULT '0' COMMENT 'Usuario evaluador',
  `vRutaArchivo` varchar(100) NOT NULL DEFAULT '' COMMENT 'Ruta del archivo de evaluación',
  `iEstatusArchivo` tinyint(1) unsigned NOT NULL DEFAULT '0' COMMENT '0:Versión base, 1:Pendiente revisar organismo, 2:Pendiente revisar SEPLAN, 3:Pendiente de atender observaciones, 4:Validado para publicación, 5:Finalizado, 6:Cancelado',
  `dFechaSubida` datetime NOT NULL DEFAULT '1900-01-01 00:00:00' COMMENT 'Fecha de subida del archivo',
  `vTecnicasModelos` varchar(1000) NOT NULL DEFAULT '' COMMENT 'Descripción de las técnicas y modelos usadas',
  `vComentarioGeneral` varchar(250) NOT NULL DEFAULT '',
  `iIdTipoContratacion` int(10) unsigned NOT NULL DEFAULT '0' COMMENT 'Tipo de contratación',
  `vEspecificarContratacion` varchar(100) NOT NULL DEFAULT '',
  `iIdResponsableContratacion` int(10) unsigned NOT NULL DEFAULT '0' COMMENT 'Organismo que contrató al evaluador',
  `nCostoEvaluacion` decimal(20,2) unsigned NOT NULL DEFAULT '0.00' COMMENT 'Costo de la evaluación',
  `iIdFinanciamiento` int(10) unsigned NOT NULL DEFAULT '0',
  `iActivo` tinyint(1) unsigned NOT NULL DEFAULT '1' COMMENT '1:Sí, 0:No',
  `iEnvioOficio` tinyint(1) unsigned NOT NULL DEFAULT '1' COMMENT '1:Sí, 0:No',
  `dRecepcionOficio` date NOT NULL DEFAULT '1900-01-01',
  `iInformacionCompleta` tinyint(1) unsigned NOT NULL DEFAULT '1' COMMENT '1:Sí, 0:No',
  `dEntregaInformacion` date NOT NULL DEFAULT '1900-01-01',
  `dReunionPresentacion` date NOT NULL DEFAULT '1900-01-01',
  `dInicioRealizacion` date NOT NULL DEFAULT '1900-01-01',
  `dEntregaBorrador` date NOT NULL DEFAULT '1900-01-01',
  `dPresentacionBorrador` date NOT NULL DEFAULT '1900-01-01',
  `dPresentacionFinal` date NOT NULL DEFAULT '1900-01-01',
  `dEnvioVersionFinalDig` date NOT NULL DEFAULT '1900-01-01',
  `dEntregaVersionImp` date NOT NULL DEFAULT '1900-01-01',
  `dFinEvaluadores` date NOT NULL DEFAULT '1900-01-01',
  `dEntregaInformeFinal` date NOT NULL DEFAULT '1900-01-01',
  `dPublicacion` date NOT NULL DEFAULT '1900-01-01',
  `dEntregaDocOpinion` date NOT NULL DEFAULT '1900-01-01',
  `dEntregaDocTrabajo` date NOT NULL DEFAULT '1900-01-01',
  `dPublicacionDocOpininTrabajo` date NOT NULL DEFAULT '1900-01-01',
  `iIdResponsableSeguimiento` int(10) NOT NULL DEFAULT '0' COMMENT 'Vinculo con la tabla de usuarios',
  PRIMARY KEY (`iIdEvaluacion`),
  KEY `FK_Evaluacion_Usuario` (`iIdUsuario`),
  KEY `FK_Evaluacion_Plantilla` (`iIdPlantilla`),
  KEY `FK_Evaluacion_Intervencion` (`iIdIntervencion`),
  CONSTRAINT `FK_Evaluacion_Intervencion` FOREIGN KEY (`iIdIntervencion`) REFERENCES `intervencion` (`iIdIntervencion`),
  CONSTRAINT `FK_Evaluacion_Plantilla` FOREIGN KEY (`iIdPlantilla`) REFERENCES `plantilla` (`iIdPlantilla`)
) ENGINE=InnoDB AUTO_INCREMENT=16 DEFAULT CHARSET=utf8;

/*Data for the table `evaluacion` */

insert  into `evaluacion`(`iIdEvaluacion`,`iIdPlantilla`,`iIdIntervencion`,`vNombreEvaluacion`,`dFechaInicio`,`dFechaFin`,`vObjetivo`,`vObjetivoEspecifico`,`iIdUsuario`,`vRutaArchivo`,`iEstatusArchivo`,`dFechaSubida`,`vTecnicasModelos`,`vComentarioGeneral`,`iIdTipoContratacion`,`vEspecificarContratacion`,`iIdResponsableContratacion`,`nCostoEvaluacion`,`iIdFinanciamiento`,`iActivo`,`iEnvioOficio`,`dRecepcionOficio`,`iInformacionCompleta`,`dEntregaInformacion`,`dReunionPresentacion`,`dInicioRealizacion`,`dEntregaBorrador`,`dPresentacionBorrador`,`dPresentacionFinal`,`dEnvioVersionFinalDig`,`dEntregaVersionImp`,`dFinEvaluadores`,`dEntregaInformeFinal`,`dPublicacion`,`dEntregaDocOpinion`,`dEntregaDocTrabajo`,`dPublicacionDocOpininTrabajo`,`iIdResponsableSeguimiento`) values (1,5,2,'Evaluacion Prueba 1','2019-07-31','2019-12-31',' Objetivo general',' Objetivo específico',1,'',0,'1900-01-01 00:00:00','','',0,'',0,'0.00',0,0,0,'2019-07-02',0,'1900-01-01','1900-01-01','1900-01-01','1900-01-01','1900-01-01','1900-01-01','1900-01-01','1900-01-01','1900-01-01','1900-01-01','1900-01-01','1900-01-01','1900-01-01','1900-01-01',1),(2,1,2,' ','1900-01-01','1900-01-01',' ',' ',NULL,'',0,'1900-01-01 00:00:00','','',0,'',0,'0.00',0,1,1,'1900-01-01',1,'1900-01-01','1900-01-01','1900-01-01','1900-01-01','1900-01-01','1900-01-01','1900-01-01','1900-01-01','1900-01-01','1900-01-01','1900-01-01','1900-01-01','1900-01-01','1900-01-01',0),(3,5,1,'Evaluación de prueba','2019-12-10','2019-12-31','Lorem Ipsum is simply dummy text of the printing and typesetting industry. Lorem Ipsum has been the industry\'s standard dummy text ever since the 1500s, when an unknown printer took a galley of type and scrambled it to make a type specimen book. It has su','Lorem Ipsum is simply dummy text of the printing and typesetting industry. Lorem Ipsum has been the industry\'s standard dummy text ever since the 1500s, when an unknown printer took a galley of type and scrambled it to make a type specimen book. It has su',1,'',0,'1900-01-01 00:00:00','Lorem Ipsum is simply dummy text of the printing and typesetting industry. Lorem Ipsum has been the industry\'s standard dummy text ever since the 1500s, when an unknown printer took a galley of type and scrambled it to make a type specimen book. It has survived not only five centuries, but also the leap into electronic typesetting, remaining essentially unchanged. It was popularised in the 1960s with the release of Letraset sheets containing Lorem Ipsum passages, and more recently with desktop publishing software like Aldus PageMaker including versions of Lorem Ipsum','',5,'Convenio de colaboración',3,'19999999999999999.99',1,0,0,'2018-12-31',0,'2019-01-01','2019-01-02','2019-01-02','2019-01-02','2019-01-02','2019-01-02','2019-01-02','2019-01-02','2019-01-02','2019-01-02','2019-01-02','2019-01-02','2019-01-02','2019-01-02',0),(4,5,3,'','1900-01-01','1900-01-01','','',0,'',0,'1900-01-01 00:00:00','','',0,'',0,'0.00',0,1,1,'1900-01-01',1,'1900-01-01','1900-01-01','1900-01-01','1900-01-01','1900-01-01','1900-01-01','1900-01-01','1900-01-01','1900-01-01','1900-01-01','1900-01-01','1900-01-01','1900-01-01','1900-01-01',0),(5,7,1,'','1900-01-01','1900-01-01','','',0,'',0,'1900-01-01 00:00:00','','',0,'',0,'0.00',0,1,1,'1900-01-01',1,'1900-01-01','1900-01-01','1900-01-01','1900-01-01','1900-01-01','1900-01-01','1900-01-01','1900-01-01','1900-01-01','1900-01-01','1900-01-01','1900-01-01','1900-01-01','1900-01-01',0),(6,8,1,'','1900-01-01','1900-01-01','','',0,'',0,'1900-01-01 00:00:00','','',0,'',0,'0.00',0,1,1,'1900-01-01',1,'1900-01-01','1900-01-01','1900-01-01','1900-01-01','1900-01-01','1900-01-01','1900-01-01','1900-01-01','1900-01-01','1900-01-01','1900-01-01','1900-01-01','1900-01-01','1900-01-01',0),(7,9,1,'','1900-01-01','1900-01-01','','',0,'',0,'1900-01-01 00:00:00','','',0,'',0,'0.00',0,1,1,'1900-01-01',1,'1900-01-01','1900-01-01','1900-01-01','1900-01-01','1900-01-01','1900-01-01','1900-01-01','1900-01-01','1900-01-01','1900-01-01','1900-01-01','1900-01-01','1900-01-01','1900-01-01',0),(8,9,3,'','1900-01-01','1900-01-01','','',0,'',0,'1900-01-01 00:00:00','','',0,'',0,'0.00',0,1,1,'1900-01-01',1,'1900-01-01','1900-01-01','1900-01-01','1900-01-01','1900-01-01','1900-01-01','1900-01-01','1900-01-01','1900-01-01','1900-01-01','1900-01-01','1900-01-01','1900-01-01','1900-01-01',0),(9,11,1,'','1900-01-01','1900-01-01','','',0,'',0,'1900-01-01 00:00:00','','',0,'',0,'0.00',0,1,1,'1900-01-01',1,'1900-01-01','1900-01-01','1900-01-01','1900-01-01','1900-01-01','1900-01-01','1900-01-01','1900-01-01','1900-01-01','1900-01-01','1900-01-01','1900-01-01','1900-01-01','1900-01-01',0),(10,12,1,'','1900-01-01','1900-01-01','','',0,'',0,'1900-01-01 00:00:00','','',0,'',0,'0.00',0,1,1,'1900-01-01',1,'1900-01-01','1900-01-01','1900-01-01','1900-01-01','1900-01-01','1900-01-01','1900-01-01','1900-01-01','1900-01-01','1900-01-01','1900-01-01','1900-01-01','1900-01-01','1900-01-01',0),(11,13,1,'','1900-01-01','1900-01-01','','',0,'',0,'1900-01-01 00:00:00','','',0,'',0,'0.00',0,1,1,'1900-01-01',1,'1900-01-01','1900-01-01','1900-01-01','1900-01-01','1900-01-01','1900-01-01','1900-01-01','1900-01-01','1900-01-01','1900-01-01','1900-01-01','1900-01-01','1900-01-01','1900-01-01',0),(12,14,1,'','1900-01-01','1900-01-01','','',0,'',0,'1900-01-01 00:00:00','','',0,'',0,'0.00',0,1,1,'1900-01-01',1,'1900-01-01','1900-01-01','1900-01-01','1900-01-01','1900-01-01','1900-01-01','1900-01-01','1900-01-01','1900-01-01','1900-01-01','1900-01-01','1900-01-01','1900-01-01','1900-01-01',0),(13,14,3,'','1900-01-01','1900-01-01','','',0,'',0,'1900-01-01 00:00:00','','',0,'',0,'0.00',0,1,1,'1900-01-01',1,'1900-01-01','1900-01-01','1900-01-01','1900-01-01','1900-01-01','1900-01-01','1900-01-01','1900-01-01','1900-01-01','1900-01-01','1900-01-01','1900-01-01','1900-01-01','1900-01-01',0),(14,15,1,'','1900-01-01','1900-01-01','','',0,'',0,'1900-01-01 00:00:00','','',0,'',0,'0.00',0,1,1,'1900-01-01',1,'1900-01-01','1900-01-01','1900-01-01','1900-01-01','1900-01-01','1900-01-01','1900-01-01','1900-01-01','1900-01-01','1900-01-01','1900-01-01','1900-01-01','1900-01-01','1900-01-01',0),(15,16,4,'Evaluación 1','2019-07-17','2019-12-31','.','.',6,'Cuestionario_15_20190729135759_2.docx',1,'2019-07-29 13:57:59','.','',5,'Convenio de colaboración',1,'899999.00',1,1,1,'2019-06-26',1,'1900-01-01','1900-01-01','1900-01-01','1900-01-01','1900-01-01','1900-01-01','1900-01-01','1900-01-01','1900-01-01','1900-01-01','1900-01-01','1900-01-01','1900-01-01','1900-01-01',1);

/*Table structure for table `evaluacioncolaborador` */

DROP TABLE IF EXISTS `evaluacioncolaborador`;

CREATE TABLE `evaluacioncolaborador` (
  `iIdEvaluacion` int(10) unsigned NOT NULL,
  `iIdUsuario` int(10) unsigned NOT NULL,
  PRIMARY KEY (`iIdEvaluacion`,`iIdUsuario`),
  KEY `FK_EvaluacionColaborador_Usuario` (`iIdUsuario`),
  CONSTRAINT `FK_EvaluacionColaborador_Evaluacion` FOREIGN KEY (`iIdEvaluacion`) REFERENCES `evaluacion` (`iIdEvaluacion`),
  CONSTRAINT `FK_EvaluacionColaborador_Usuario` FOREIGN KEY (`iIdUsuario`) REFERENCES `usuario` (`iIdUsuario`)
) ENGINE=InnoDB DEFAULT CHARSET=utf8;

/*Data for the table `evaluacioncolaborador` */

insert  into `evaluacioncolaborador`(`iIdEvaluacion`,`iIdUsuario`) values (1,1),(3,1);

/*Table structure for table `evaluacioncorresponsable` */

DROP TABLE IF EXISTS `evaluacioncorresponsable`;

CREATE TABLE `evaluacioncorresponsable` (
  `iIdEvaluacion` int(10) unsigned NOT NULL,
  `iIdOrganismo` int(10) NOT NULL,
  `vRutaArchivo` varchar(100) NOT NULL,
  `iEstatusArchivo` tinyint(1) DEFAULT '0' COMMENT '0:Versión base, 1:Pendiente revisar organismo, 2:Pendiente revisar SEPLAN, 3:Pendiente de atender observaciones, 4:Validado para publicación, 5:Finalizado, 6:Cancelado',
  `dFechaSubida` datetime NOT NULL DEFAULT '1900-01-01 00:00:00' COMMENT 'Fecha de subida',
  PRIMARY KEY (`iIdEvaluacion`,`iIdOrganismo`),
  KEY `FK_EvaluacionCorresponsable_Organismo` (`iIdOrganismo`),
  CONSTRAINT `FK_EvaluacionCorresponsable_Evaluacion` FOREIGN KEY (`iIdEvaluacion`) REFERENCES `evaluacion` (`iIdEvaluacion`),
  CONSTRAINT `FK_EvaluacionCorresponsable_Organismo` FOREIGN KEY (`iIdOrganismo`) REFERENCES `organismo` (`iIdOrganismo`)
) ENGINE=InnoDB DEFAULT CHARSET=utf8;

/*Data for the table `evaluacioncorresponsable` */

insert  into `evaluacioncorresponsable`(`iIdEvaluacion`,`iIdOrganismo`,`vRutaArchivo`,`iEstatusArchivo`,`dFechaSubida`) values (1,1,' ',0,'1900-01-01 00:00:00'),(1,2,' ',0,'1900-01-01 00:00:00'),(7,2,'',0,'1900-01-01 00:00:00'),(7,3,'',0,'1900-01-01 00:00:00'),(8,1,'',0,'1900-01-01 00:00:00'),(11,4,'',0,'1900-01-01 00:00:00'),(12,3,'',0,'1900-01-01 00:00:00'),(13,5,'',0,'1900-01-01 00:00:00'),(14,1,'',0,'1900-01-01 00:00:00'),(14,5,'',0,'1900-01-01 00:00:00'),(15,2,'Cuestionario_15_20190729140021_2_7.docx',2,'2019-07-29 14:00:21'),(15,5,'',0,'1900-01-01 00:00:00');

/*Table structure for table `evaluacionevidencia` */

DROP TABLE IF EXISTS `evaluacionevidencia`;

CREATE TABLE `evaluacionevidencia` (
  `iIdEvaluacionEvidencia` int(10) unsigned NOT NULL AUTO_INCREMENT,
  `iIdEvaluacion` int(10) unsigned NOT NULL,
  `vNombreEvidencia` varchar(255) NOT NULL,
  `vRutaArchivo` varchar(100) NOT NULL DEFAULT '' COMMENT 'Ruta del archivo en el servidor',
  `vURL` varchar(255) NOT NULL DEFAULT '' COMMENT 'Url a un archivo en la nube',
  `iAprobado` tinyint(1) unsigned NOT NULL DEFAULT '0' COMMENT '0:No, 1:Sí',
  `iTipo` tinyint(1) unsigned NOT NULL DEFAULT '1' COMMENT '1:Archivo, 2:URL',
  `iActivo` tinyint(1) unsigned NOT NULL DEFAULT '1' COMMENT '0:No, 1:Sí',
  PRIMARY KEY (`iIdEvaluacionEvidencia`),
  KEY `FK_EvaluacionEvidencia_Evaluacion` (`iIdEvaluacion`),
  CONSTRAINT `FK_EvaluacionEvidencia_Evaluacion` FOREIGN KEY (`iIdEvaluacion`) REFERENCES `evaluacion` (`iIdEvaluacion`)
) ENGINE=InnoDB DEFAULT CHARSET=utf8;

/*Data for the table `evaluacionevidencia` */

/*Table structure for table `evaluacionevidenciapregunta` */

DROP TABLE IF EXISTS `evaluacionevidenciapregunta`;

CREATE TABLE `evaluacionevidenciapregunta` (
  `iIdEvaluacionEvidencia` int(10) unsigned NOT NULL,
  `iIdPregunta` int(10) unsigned NOT NULL,
  PRIMARY KEY (`iIdEvaluacionEvidencia`,`iIdPregunta`),
  KEY `FK_EvaluacionEvidenciaPregunta_Pregunta` (`iIdPregunta`),
  CONSTRAINT `FK_EvaluacionEvidenciaPregunta_EvaluacionEvidencia` FOREIGN KEY (`iIdEvaluacionEvidencia`) REFERENCES `evaluacionevidencia` (`iIdEvaluacionEvidencia`),
  CONSTRAINT `FK_EvaluacionEvidenciaPregunta_Pregunta` FOREIGN KEY (`iIdPregunta`) REFERENCES `pregunta` (`iIdPregunta`)
) ENGINE=InnoDB DEFAULT CHARSET=utf8;

/*Data for the table `evaluacionevidenciapregunta` */

/*Table structure for table `evaluacioninstrumento` */

DROP TABLE IF EXISTS `evaluacioninstrumento`;

CREATE TABLE `evaluacioninstrumento` (
  `iIdEvaluacion` int(10) unsigned NOT NULL,
  `iIdInstrumento` int(10) unsigned NOT NULL,
  `vOtro` varchar(255) NOT NULL DEFAULT '',
  PRIMARY KEY (`iIdEvaluacion`,`iIdInstrumento`),
  KEY `FK_EvalInstr_Instrumento` (`iIdInstrumento`),
  CONSTRAINT `FK_EvalInstr_Evaluacion` FOREIGN KEY (`iIdEvaluacion`) REFERENCES `evaluacion` (`iIdEvaluacion`),
  CONSTRAINT `FK_EvalInstr_Instrumento` FOREIGN KEY (`iIdInstrumento`) REFERENCES `instrumento` (`iIdInstrumento`)
) ENGINE=InnoDB DEFAULT CHARSET=utf8;

/*Data for the table `evaluacioninstrumento` */

insert  into `evaluacioninstrumento`(`iIdEvaluacion`,`iIdInstrumento`,`vOtro`) values (3,1,''),(3,2,''),(15,1,''),(15,4,'otro');

/*Table structure for table `financiamiento` */

DROP TABLE IF EXISTS `financiamiento`;

CREATE TABLE `financiamiento` (
  `iIdFinanciamiento` int(10) unsigned NOT NULL AUTO_INCREMENT,
  `vFinanciamiento` varchar(255) NOT NULL,
  `iActivo` tinyint(1) unsigned NOT NULL DEFAULT '1',
  PRIMARY KEY (`iIdFinanciamiento`)
) ENGINE=MyISAM AUTO_INCREMENT=2 DEFAULT CHARSET=utf8;

/*Data for the table `financiamiento` */

insert  into `financiamiento`(`iIdFinanciamiento`,`vFinanciamiento`,`iActivo`) values (1,'Recurso Propio',1);

/*Table structure for table `instrumento` */

DROP TABLE IF EXISTS `instrumento`;

CREATE TABLE `instrumento` (
  `iIdInstrumento` int(10) unsigned NOT NULL AUTO_INCREMENT,
  `vInstrumento` varchar(100) NOT NULL,
  `iActivo` tinyint(1) unsigned NOT NULL DEFAULT '1',
  PRIMARY KEY (`iIdInstrumento`)
) ENGINE=InnoDB AUTO_INCREMENT=5 DEFAULT CHARSET=utf8;

/*Data for the table `instrumento` */

insert  into `instrumento`(`iIdInstrumento`,`vInstrumento`,`iActivo`) values (1,'Formatos',1),(2,'Cuestionarios',1),(3,'Entrevistas',1),(4,'Otros',1);

/*Table structure for table `intervencion` */

DROP TABLE IF EXISTS `intervencion`;

CREATE TABLE `intervencion` (
  `iIdIntervencion` int(10) unsigned NOT NULL AUTO_INCREMENT,
  `vIntervencion` varchar(255) NOT NULL COMMENT 'Nombre de la intervencióon pública',
  `vSiglas` varchar(50) NOT NULL DEFAULT '',
  `vClave` varchar(50) NOT NULL,
  `iAnio` int(4) NOT NULL,
  `iTipo` tinyint(1) NOT NULL DEFAULT '0' COMMENT '1:Programa Presupuestario, 2: Fondo, 3: Programa de bienes o servicios',
  `iIdIntervencionPropuesta` int(10) NOT NULL DEFAULT '0' COMMENT 'Indica si proviene de una propuesta',
  `iIdOrganismo` int(10) NOT NULL COMMENT 'Organismo Responsable de la intervención',
  `iActivo` tinyint(1) unsigned NOT NULL DEFAULT '1' COMMENT '1:Sí, 0:No',
  PRIMARY KEY (`iIdIntervencion`),
  KEY `FK_Intervencion_Organismo` (`iIdOrganismo`),
  CONSTRAINT `FK_Intervencion_Organismo` FOREIGN KEY (`iIdOrganismo`) REFERENCES `organismo` (`iIdOrganismo`)
) ENGINE=InnoDB AUTO_INCREMENT=6 DEFAULT CHARSET=utf8;

/*Data for the table `intervencion` */

insert  into `intervencion`(`iIdIntervencion`,`vIntervencion`,`vSiglas`,`vClave`,`iAnio`,`iTipo`,`iIdIntervencionPropuesta`,`iIdOrganismo`,`iActivo`) values (1,'Ejemplo','','20893',2019,2,1,1,1),(2,'Programa anual de evaluación','','26862812',2019,3,2,1,1),(3,'Ejemplo 2','','20893',2019,2,1,1,1),(4,'Programa presupuestario99PP','','099PP',2019,2,1,1,1),(5,'Programa anual de evaluación','','208pp',2019,3,3,1,1);

/*Table structure for table `intervencioncorresponsable` */

DROP TABLE IF EXISTS `intervencioncorresponsable`;

CREATE TABLE `intervencioncorresponsable` (
  `iIdIntervencion` int(10) unsigned NOT NULL,
  `iIdOrganismo` int(10) NOT NULL,
  PRIMARY KEY (`iIdIntervencion`,`iIdOrganismo`),
  KEY `FK_IntervencionC_Corresponsable` (`iIdOrganismo`),
  CONSTRAINT `FK_IntervencionC_Corresponsable` FOREIGN KEY (`iIdOrganismo`) REFERENCES `organismo` (`iIdOrganismo`),
  CONSTRAINT `FK_IntervencionC_Intervencion` FOREIGN KEY (`iIdIntervencion`) REFERENCES `intervencion` (`iIdIntervencion`)
) ENGINE=InnoDB DEFAULT CHARSET=utf8;

/*Data for the table `intervencioncorresponsable` */

/*Table structure for table `intervencionpropuesta` */

DROP TABLE IF EXISTS `intervencionpropuesta`;

CREATE TABLE `intervencionpropuesta` (
  `iIdIntervencionPropuesta` int(10) unsigned NOT NULL AUTO_INCREMENT,
  `vIntervencion` varchar(250) NOT NULL,
  `vSiglas` varchar(50) NOT NULL DEFAULT '',
  `iAnioCreacion` int(4) NOT NULL,
  `iAnioEvaluacion` int(4) DEFAULT NULL,
  `iTipo` tinyint(1) unsigned NOT NULL DEFAULT '1' COMMENT '1:Programa presupestario, 2:Fonfo, 3:Programa de bienes o servicio',
  `iIdTipoPP` int(10) unsigned NOT NULL DEFAULT '0' COMMENT 'Sólo si el programa es de tipo Programa Presupuestario',
  `iIdTipoFondo` int(10) unsigned NOT NULL DEFAULT '0' COMMENT 'Sólo si el programa es de tipo Fondo',
  `iEntregaBienServicio` tinyint(1) NOT NULL DEFAULT '0' COMMENT '1:Sí, 0:No',
  `iIdOrganismo` int(10) NOT NULL,
  `vAreaResponsable` varchar(200) NOT NULL,
  `vObjetivo` varchar(200) NOT NULL,
  `vPoblacionObjetivo` varchar(200) NOT NULL,
  `iIdObjetivo` int(10) NOT NULL,
  `iIdObjetivoPMP` int(10) NOT NULL DEFAULT '0' COMMENT 'Obejtivo de PMP cuando se nos proporcione los catálogos',
  `nPresupuestoEjercido` float(20,2) NOT NULL DEFAULT '0.00',
  `nPresupuestoEjercidoAnterior` float(20,2) NOT NULL DEFAULT '0.00',
  `nPresupuestoAprobado` float(20,2) NOT NULL DEFAULT '0.00',
  `iEjerceRecursoRamo33` tinyint(1) NOT NULL DEFAULT '0' COMMENT '1:Sí, 0:No',
  `iEjerceRecursoRamo23` tinyint(1) NOT NULL DEFAULT '0' COMMENT '1:Sí, 0:No',
  `iEjerceRecursoConvenioSubsidio` tinyint(1) NOT NULL DEFAULT '0' COMMENT '1:Sí, 0:No',
  `vEspecificar` varchar(200) NOT NULL DEFAULT '',
  `iDiagnostico` tinyint(1) NOT NULL DEFAULT '0' COMMENT '1:Sí, 0:No',
  `iArbolProblemas` tinyint(1) NOT NULL DEFAULT '0' COMMENT '1:Sí, 0:No',
  `iArbolObjetivos` tinyint(1) NOT NULL DEFAULT '0' COMMENT '1:Sí, 0:No',
  `iMIR` tinyint(1) NOT NULL DEFAULT '0' COMMENT '1:Sí, 0:No',
  `iIdentificacion` tinyint(1) NOT NULL DEFAULT '0' COMMENT '1:Sí, 0:No',
  `iCalculoCobertura` tinyint(1) NOT NULL DEFAULT '0' COMMENT '1:Sí, 0:No',
  `iCriteriosFocalizacion` tinyint(1) NOT NULL DEFAULT '0' COMMENT '1:Sí, 0:No',
  `iDescripcionIntervencion` tinyint(1) NOT NULL DEFAULT '0' COMMENT '1:Sí, 0:No',
  `iInformeEstudio` tinyint(1) NOT NULL DEFAULT '0' COMMENT '1:Sí, 0:No',
  `iManualProceso` tinyint(1) NOT NULL DEFAULT '0' COMMENT '1:Sí, 0:No',
  `iReglasOperacion` tinyint(1) NOT NULL DEFAULT '0' COMMENT '1:Sí, 0:No',
  `iPadronBeneficiarios` tinyint(1) NOT NULL DEFAULT '0' COMMENT '1:Sí, 0:No',
  `iPreviamenteEvaluado` tinyint(1) NOT NULL DEFAULT '0' COMMENT '1:Sí, 0:No',
  `iIdTipoEvaluacion` int(10) unsigned NOT NULL DEFAULT '0',
  `vComentario` varchar(255) NOT NULL DEFAULT '',
  `iIdUsuario` int(10) unsigned NOT NULL COMMENT 'Usuario que captura',
  `dFechaCaptura` datetime NOT NULL DEFAULT '1900-01-01 00:00:00',
  `iActivo` tinyint(1) NOT NULL DEFAULT '1' COMMENT '1:Sí, 0:No',
  `vPMP` varchar(255) NOT NULL DEFAULT '',
  `vObjetivoPMP` varchar(255) NOT NULL DEFAULT '',
  PRIMARY KEY (`iIdIntervencionPropuesta`),
  KEY `FK_IntervencionPropuesta_Objetivo` (`iIdObjetivo`),
  KEY `FK_IntervencionPropuesta_Organismo` (`iIdOrganismo`),
  KEY `FK_IntervencionPropuesta_Ussuario` (`iIdUsuario`),
  KEY `FK_IntervencionPropuesta_TipoPP` (`iIdTipoPP`),
  CONSTRAINT `FK_IntervencionPropuesta_Objetivo` FOREIGN KEY (`iIdObjetivo`) REFERENCES `objetivo` (`iIdObjetivo`),
  CONSTRAINT `FK_IntervencionPropuesta_Organismo` FOREIGN KEY (`iIdOrganismo`) REFERENCES `organismo` (`iIdOrganismo`),
  CONSTRAINT `FK_IntervencionPropuesta_Ussuario` FOREIGN KEY (`iIdUsuario`) REFERENCES `usuario` (`iIdUsuario`)
) ENGINE=InnoDB AUTO_INCREMENT=5 DEFAULT CHARSET=utf8;

/*Data for the table `intervencionpropuesta` */

insert  into `intervencionpropuesta`(`iIdIntervencionPropuesta`,`vIntervencion`,`vSiglas`,`iAnioCreacion`,`iAnioEvaluacion`,`iTipo`,`iIdTipoPP`,`iIdTipoFondo`,`iEntregaBienServicio`,`iIdOrganismo`,`vAreaResponsable`,`vObjetivo`,`vPoblacionObjetivo`,`iIdObjetivo`,`iIdObjetivoPMP`,`nPresupuestoEjercido`,`nPresupuestoEjercidoAnterior`,`nPresupuestoAprobado`,`iEjerceRecursoRamo33`,`iEjerceRecursoRamo23`,`iEjerceRecursoConvenioSubsidio`,`vEspecificar`,`iDiagnostico`,`iArbolProblemas`,`iArbolObjetivos`,`iMIR`,`iIdentificacion`,`iCalculoCobertura`,`iCriteriosFocalizacion`,`iDescripcionIntervencion`,`iInformeEstudio`,`iManualProceso`,`iReglasOperacion`,`iPadronBeneficiarios`,`iPreviamenteEvaluado`,`iIdTipoEvaluacion`,`vComentario`,`iIdUsuario`,`dFechaCaptura`,`iActivo`,`vPMP`,`vObjetivoPMP`) values (1,'Ejemplo','',2019,2019,2,1,0,1,1,'SEPLAN','...','....',21,-1,1000001.00,100000.00,100000.00,1,1,1,'',1,1,1,0,0,0,0,0,0,0,0,0,0,4,'',1,'2019-05-14 15:25:17',0,'',''),(2,'Programa anual de evaluación','',2018,2019,3,1,0,0,1,'Departamento de Evaluación','N/A','N/A',67,-1,75389.03,75389.03,75389.03,0,0,0,'',1,1,0,0,0,0,0,0,0,0,0,0,1,2,'',5,'2019-05-21 12:12:35',0,'',''),(3,'Programa anual de evaluación','',2018,2019,3,1,0,0,1,'Departamento de Evaluación','N/A','N/A',67,-1,75389.03,75389.03,75389.03,0,0,0,'',1,1,0,0,0,0,0,0,0,0,0,0,1,2,'',1,'2019-07-29 13:25:37',0,'',''),(4,'Intervención de prueba','',2018,2019,3,1,0,1,1,'Departamento','N/A','N/A',1,-1,1000.00,1000.00,10000.00,1,0,0,'',0,0,0,0,0,0,0,0,0,0,0,0,0,1,'',1,'2019-07-31 18:02:19',1,'','');

/*Table structure for table `intervencionpropuestacorresponsable` */

DROP TABLE IF EXISTS `intervencionpropuestacorresponsable`;

CREATE TABLE `intervencionpropuestacorresponsable` (
  `iIdIntervencionPropuesta` int(10) unsigned NOT NULL,
  `iIdOrganismo` int(10) unsigned NOT NULL,
  PRIMARY KEY (`iIdIntervencionPropuesta`,`iIdOrganismo`),
  KEY `FK_IntervencionPropC_Orgnismo` (`iIdOrganismo`)
) ENGINE=InnoDB DEFAULT CHARSET=utf8;

/*Data for the table `intervencionpropuestacorresponsable` */

/*Table structure for table `lineaaccion` */

DROP TABLE IF EXISTS `lineaaccion`;

CREATE TABLE `lineaaccion` (
  `iIdLineaAccion` int(10) NOT NULL AUTO_INCREMENT,
  `vLineaAccion` varchar(350) NOT NULL,
  `iIdEstrategia` int(10) NOT NULL,
  `iActivo` tinyint(1) NOT NULL DEFAULT '1' COMMENT '1:Sí, 0:No',
  PRIMARY KEY (`iIdLineaAccion`),
  KEY `FK_LineaAccion_Estrategia` (`iIdEstrategia`),
  CONSTRAINT `FK_LineaAccion_Estrategia` FOREIGN KEY (`iIdEstrategia`) REFERENCES `estrategia` (`iIdEstrategia`)
) ENGINE=InnoDB AUTO_INCREMENT=866 DEFAULT CHARSET=utf8;

/*Data for the table `lineaaccion` */

insert  into `lineaaccion`(`iIdLineaAccion`,`vLineaAccion`,`iIdEstrategia`,`iActivo`) values (1,'Profesionalizar a las empresas a través del fomento a las buenas prácticas comerciales y un enfoque de mejora continua',1,1),(2,'Impulsar alianzas estratégicas en materia comercial con empresas especializadas y el sector académico',1,1),(3,'Promover la responsabilidad social en el sector comercial y las empresas locales',1,1),(4,'Establecer programas de inversión en tecnología para los productos comerciales',2,1),(5,'Fomentar herramientas para el comercio digital de compra y venta de productos yucatecos en línea',2,1),(6,'Dotar de equipo básico digital a las empresas para su crecimiento',2,1),(7,'Establecer programas de capacitación de herramientas digitales',2,1),(8,'Impulsar convenios de colaboración entre micro, pequeñas y medianas con las grandes empresas para el desarrollo de cadenas productivas',3,1),(9,'Fomentar en las empresas el análisis de mercado previo, durante y después de la inversión y producción',3,1),(10,'Impulsar la capacitación a las empresas en materia de productividad y aprovechamiento estratégico del sector comercial',3,1),(11,'Gestionar estímulos e incentivos a las empresas para promover su formalización',3,1),(12,'Impulsar esquemas de financiamiento accesible para las empresas en apoyo de sus procesos operativos',3,1),(13,'Simplificar el marco regulatorio, los trámites de apertura de empresas y el acceso a apoyos financieros',3,1),(14,'Promover las fortalezas y valores de los productos yucatecos',4,1),(15,'Fomentar el crecimiento de la cadena de suministros local',4,1),(16,'Favorecer el vínculo entre las empresas locales, nacionales e internacionales para la comercialización de sus productos',4,1),(17,'Motivar la participación en exposiciones comerciales para la expansión de los productos yucatecos',4,1),(18,'Incentivar la innovación en las empresas para que sus productos y servicios sean más competitivos',5,1),(19,'Promover la producción de insumos acordes con la demanda del mercado',5,1),(20,'Incentivar la conformación de órganos ciudadanos, académicos y empresariales en materia de competitividad para implementar y dar seguimiento a buenas prácticas',5,1),(21,'Promover el desarrollo de las zonas estratégicas en el estado que respondan a sus vocaciones particulares',5,1),(22,'Poner en marcha campañas para la atracción de talento en Yucatán',6,1),(23,'Promover el establecimiento de incentivos en el sector privado que permitan incrementar la inversión en capital humano',6,1),(24,'Elaborar un plan de gestión de capacidades técnicas que cubra las demandas del mercado local',6,1),(25,'Difundir las bondades estratégicas y geográficas del estado',7,1),(26,'Promocionar los casos de éxito de las empresas que invierten en Yucatán',7,1),(27,'Promover la relevancia, valor y diferenciación del estado de forma coordinada con los sectores público, privado, social y académico',7,1),(28,'Gestionar estímulos fiscales rentables y atractivos a las inversiones internacionales',8,1),(29,'Impulsar el potencial de recursos energéticos y la infraestructura necesaria para la atracción de inversiones',8,1),(30,'Propiciar un marco regulatorio eficiente para la atracción de inversiones en el estado',8,1),(31,'Facilitar mediante herramientas digitales el proceso de inversión en Yucatán',8,1),(32,'Impulsar esquemas de acompañamiento en las empresas para proveer la demanda de insumos industriales',9,1),(33,'Establecer programas de sensibilización hacia la sostenibilidad industrial',9,1),(34,'Estimular el diseño de procesos y productos industriales innovadores',9,1),(35,'Facilitar la modernización de infraestructura logística para la movilización eficiente de productos industriales',10,1),(36,'Impulsar la disponibilidad energética para la realización de procesos de producción eficientes en el sector industrial',10,1),(37,'Promover la constitución y modernización de parques industriales sostenibles e incluyentes',10,1),(38,'Promover el aprovechamiento de las Tecnologías de Información y Comunicación (TICs) en la industria del estado',10,1),(39,'Promover el progreso industrial sostenible en las zonas estratégicas del estado',11,1),(40,'Reforzar los financiamientos a empresas y emprendedores del sector industrial con enfoque sostenible',11,1),(41,'Garantizar la capacidad técnica industrial a través de la vinculación con el sector académico',11,1),(42,'Promover la creación de grupos empresariales con enfoque de impulso a grupos en situación de vulnerabilidad',12,1),(43,'Mejorar las condiciones de trabajo para los grupos en situación de vulnerabilidad por medio de programas de equidad en el sector industrial',12,1),(44,'Diseñar mecanismos de regulación ambiental para fomentar la sostenibilidad de las empresas del sector secundario',12,1),(45,'Promover incentivos para desarrollar una cultura sostenible dentro del sector secundario',12,1),(46,'Implementar talleres de sostenibilidad y de profesionalización para los prestadores de servicios turísticos del estado',13,1),(47,'Promover distintivos y certificados de calidad a las empresas turísticas del estado',13,1),(48,'Impulsar la adopción de sellos de calidad y certificaciones en los restaurantes que usan productos locales',13,1),(49,'Consolidar los instrumentos y sistemas de información estadística y geográfica en materia turística',13,1),(50,'Vincular al sector empresarial turístico con organismos de educación para la integración de mano de obra especializada y certificada al mercado laboral',13,1),(51,'Estimular el diseño de nuevos proyectos turísticos sostenibles en el estado',14,1),(52,'Fomentar la creación de productos y servicios turísticos sustentables e innovadores',14,1),(53,'Impulsar el aprovechamiento de nichos de mercado novedosos y con alta demanda',14,1),(54,'Promover alianzas estratégicas con empresas turísticas nacionales e internacionales',14,1),(55,'Fomentar la participación del estado en eventos de promoción turística nacionales e internacionales',15,1),(56,'Promocionar la imagen de la cultura maya en las campañas de promoción nacional e internacional',15,1),(57,'Realizar campañas de promoción turística a través de diferentes medios nacionales e internacionales',15,1),(58,'Impulsar el uso de herramientas tecnológicas para la difusión turística en medios electrónicos',15,1),(59,'Promover la apertura de más rutas aéreas que se conecten a lugares estratégicos',15,1),(60,'Establecer vínculos con los ayuntamientos para mejorar la imagen turística del estado',15,1),(61,'Reforzar las acciones de atracción de turistas de negocios, con énfasis en la calidad y diversidad de los productos y servicios locales',15,1),(62,'Restaurar la infraestructura de servicios para el turismo sostenible',16,1),(63,'Consolidar el segmento de turismo de naturaleza en los municipios turísticos',16,1),(64,'Poner en marcha acciones integrales de atracción y comercialización de congresos y convenciones nacionales e internacionales',16,1),(65,'Diseñar programas de comercialización de productos y servicios para el turismo de lujo',16,1),(66,'Facilitar la prestación de servicios de movilidad turística sostenible a través del vínculo entre el sector académico, empresarial y público',16,1),(67,'Reforzar el desarrollo de centros turísticos en zonas con alto patrimonio cultural',16,1),(68,'Promocionar la oferta de todos los segmentos turísticos consolidados y potenciales con un enfoque particular para cada tipo',16,1),(69,'Promover que los residentes de la península consuman los productos y servicios turísticos de Yucatán',16,1),(70,'Promover el turismo médico para convertirse en una opción más de servicios y productos turísticos que generen empleos y beneficios para el estado',16,1),(71,'Impulsar la celebración de festivales, exposiciones y eventos turísticos de talla internacional',17,1),(72,'Adecuar los paradores turísticos del estado para que sean modernos, accesibles e incluyentes',17,1),(73,'Adecuar la infraestructura turística a las nuevas demandas y necesidades del mercado con especial énfasis en la accesibilidad',17,1),(74,'Rescatar los espacios con alto valor turístico para los visitantes nacionales e internacionales',17,1),(75,'Diseñar herramientas digitales que faciliten la difusión de los atractivos turísticos en segmentos preferentes',17,1),(76,'Coordinar la realización de eventos turísticos y gastronómicos en los municipios del estado en conjunto con los sectores público, privado y social',17,1),(77,'Promover las ferias y tradiciones del estado en localidades con alto potencial turístico',17,1),(78,'Desarrollar el turismo alternativo y comunitario en los municipios con mayor potencial',18,1),(79,'Otorgar facilidades de acceso a la oferta turística a los yucatecos y nacionales con énfasis a la población en situación de vulnerabilidad',18,1),(80,'Fomentar la accesibilidad en los servicios turísticos del estado',18,1),(81,'Facilitar el establecimiento de nuevas rutas turísticas sostenibles en las comunidades del estado respetando su identidad cultural',18,1),(82,'Promover a los artesanos, comerciantes y productores turísticos y gastronómicos locales en ferias y eventos turísticos nacionales e internacionales',18,1),(83,'Vincular los sectores público, privado, social y académico para mejorar el acceso laboral incluyente y productivo',19,1),(84,'Fomentar el establecimiento de condiciones justas, equitativas y satisfactorias de trabajo en las empresas',19,1),(85,'Promover los beneficios del sentido de identidad y pertenencia como consecuencia de mejores condiciones laborales',19,1),(86,'Facilitar la inserción en el mercado laboral de todos los grupos sociales',19,1),(87,'Promocionar los beneficios de la formalidad laboral entre la población trabajadora',20,1),(88,'Coadyuvar con el sector privado para que las empresas impulsen la seguridad social laboral',20,1),(89,'Impulsar la coordinación efectiva entre los distintos órdenes de gobierno para mejorar los procesos de incorporación a la seguridad social',20,1),(90,'Capacitar a las empresas en materia de productividad laboral',21,1),(91,'Implementar tecnología que mejore la productividad de las empresas',21,1),(92,'Promover la formación de capital humano en las áreas de alto impacto económico acorde con la demanda actual y emergente',21,1),(93,'Crear un certificado de calidad para las empresas con alta productividad',22,1),(94,'Otorgar estímulos a las empresas que cuenten con procesos de calidad y demuestren ser productivas',22,1),(95,'Promocionar las mejores prácticas de productividad en las empresas',22,1),(96,'Promover una cultura del emprendimiento desde la educación básica',23,1),(97,'Fomentar la formación de aptitudes empresariales en estudiantes de educación media superior y superior',23,1),(98,'Promover la aplicación de buenas prácticas en materia de emprendimiento',23,1),(99,'Ofrecer capacitación con valor curricular, para acciones de emprendimiento en el hogar, que permitan conciliar la vida laboral y personal',23,1),(100,'Celebrar convenios de colaboración entre organizaciones de apoyo al ecosistema emprendedor para la formación de capacidades de emprendimiento',23,1),(101,'Realizar un seguimiento a las acciones de emprendimiento a fin de detectar necesidades de formación, fortalezas y áreas de oportunidad',23,1),(102,'Impulsar la formación de equipos multidisciplinarios y con diferentes niveles de especialización técnica para la formación de capacidades empresariales',23,1),(103,'Desarrollar programas formativos de habilidades proactivas para aumentar la eficiencia y la modernización continua en las empresas',23,1),(104,'Crear programas de inversión para emprendedores con esquemas de financiamiento vinculados a los sectores público, privado, social y académico',23,1),(105,'Desarrollar acciones de fortalecimiento a emprendedores con enfoque de inclusión',24,1),(106,'Incorporar habilidades de liderazgo y herramientas de empoderamiento en los procesos de acompañamiento y formación',24,1),(107,'Promover redes que impulsen de manera focalizada el emprendimiento inclusivo a través del acompañamiento, servicios y comercialización de sus productos',24,1),(108,'Establecer espacios físicos o virtuales que permitan visibilizar las acciones de los emprendedores locales en el ecosistema de emprendimiento de la entidad',25,1),(109,'Impulsar el uso de las Tecnologías de la Información y Comunicación (TICs) para vincular a los emprendedores en la cadena de valor que les permita mejorar la competitividad empresarial',25,1),(110,'Promover el uso de tecnología e innovación para acceder a los financiamientos',25,1),(111,'Promover la integración de cadenas de valor para aumentar la productividad, calidad y rentabilidad entre los emprendedores',25,1),(112,'Gestionar insumos para los productores del sector agropecuario',26,1),(113,'Generar acciones para promover el consumo de productos agropecuarios locales',26,1),(114,'Impulsar esquemas de financiamiento y reducción de costos financieros para el desarrollo del sector agropecuario',26,1),(115,'Impulsar acciones de infraestructura que faciliten el movimiento de productos agropecuarios',26,1),(116,'Inducir la implementación de procesos productivos que favorezcan la producción sostenible',26,1),(117,'Favorecer la comercialización estratégica de productos agropecuarios locales en los mercados locales e internacionales',26,1),(118,'Desarrollar acciones para la industrialización de productos agropecuarios de manera sostenible',26,1),(119,'Fomentar la creación de mecanismos para el aprovechamiento de la denominación de origen de productos locales o indicación geográfica',26,1),(120,'Impulsar la certificación de la calidad de los productos agropecuarios',26,1),(121,'Desarrollar acciones para el aprovechamiento de productos agropecuarios de manera sostenible',26,1),(122,'Promover la investigación y el desarrollo de innovaciones en los procesos agropecuarios',26,1),(123,'Impulsar la mecanización y tecnificación del sector agropecuario',27,1),(124,'Apoyar a productores y emprendedores en procesos y técnicas que permitan mejorar la calidad de su producción',27,1),(125,'Dotar de herramientas tecnológicas al sector agropecuario para mejorar sus procesos productivos',27,1),(126,'Promover el uso de insumos que minimicen el impacto ambiental',28,1),(127,'Incentivar prácticas que ayuden a la conservación de los recursos hídricos del estado',28,1),(128,'Gestionar herramientas para los productores a efecto de prevenir y combatir plagas y enfermedades en el sector agropecuario',28,1),(129,'Realizar un control de seguimiento y vigilancia de sanidad a las unidades productivas así como reforzar los comités de sanidad estatal',28,1),(130,'Incentivar la producción de las especies con mayor valor y rendimiento',29,1),(131,'Proporcionar cursos de inocuidad pecuaria sostenible',29,1),(132,'Otorgar apoyos para la producción pecuaria',29,1),(133,'Impulsar la creación de centros de transferencia y tecnología genética pecuaria',30,1),(134,'Promover la asistencia técnica y la capacitación en procesos reproductivos que mejoren la genética de las especies pecuarias',30,1),(135,'Otorgar apoyos para el mejoramiento genético del sector pecuario',30,1),(136,'Apoyar la producción agrícola de los cultivos con mayor rentabilidad en el estado',31,1),(137,'Reforzar la cadena de suministros agroalimentaria estatal',31,1),(138,'Consolidar programas de producción y consumo responsable en temas agroalimentarios',31,1),(139,'Favorecer el cultivo de productos agrícolas con mayor demanda en la entidad',31,1),(140,'Promover mecanismos que propicien el trato directo entre los productores agrícolas y los consumidores finales',31,1),(141,'Reforzar la inocuidad y diversificación de la producción agrícola',32,1),(142,'Estimular las inversiones que favorezcan la calidad y disponibilidad de productos agrícolas',32,1),(143,'Proporcionar capacitación sobre prevención de riesgos en materia agrícola',32,1),(144,'Modernizar la infraestructura para la pesca a fin de dar mayor valor agregado a los productos pesqueros',33,1),(145,'Brindar asesoría a las empresas pesqueras y acuícolas del estado',33,1),(146,'Reforzar la cadena productiva y los canales de comercialización del sector pesquero de forma eficiente',33,1),(147,'Impulsar campañas de concientización de los tiempos de veda y fomento de la acuacultura en el estado',33,1),(148,'Incentivar el emprendimiento para fomentar la creación de unidades económicas del sector pesquero y acuícola',33,1),(149,'Establecer mecanismos de control y seguimiento de embarcaciones pesqueras y unidades acuícolas',33,1),(150,'Gestionar campañas de concientización sobre el valor nutrimental de los productos acuícolas y pesqueros en el estado',34,1),(151,'Promover el desarrollo de proyectos de granjas acuícolas en las poblaciones rurales',34,1),(152,'Fomentar la cultura de consumo de productos pesqueros y acuícolas entre la población rural',34,1),(153,'Gestionar apoyos justos para mejorar la calidad de las condiciones de los pescadores',34,1),(154,'Consolidar la producción de especies marinas nativas mediante la elaboración de estudios que garanticen la capacidad productiva',35,1),(155,'Suscribir convenios con instituciones educativas para capacitar a los productores pesqueros y acuícolas del estado',35,1),(156,'Impulsar el uso de tecnología para las actividades pesqueras y acuícolas sostenibles',35,1),(157,'Crear campañas de concientización sobre la preservación del medio ambiente de la zona costera',36,1),(158,'Realizar un monitoreo de la calidad de las aguas subterráneas para identificar zonas con potencial acuícola en el estado',36,1),(159,'Identificar zonas de anidamiento y reproducción de las especies marítimas para reforzar la vigilancia',36,1),(160,'Organizar las unidades de primer nivel y la atención pre hospitalaria con medicamentos suficientes, equipos especializados y atención de los padecimientos con mayor frecuencia en las regiones de mayor vulnerabilidad social  ',37,1),(161,'Reorganizar el recurso humano de salud con esquemas que amplíen la cobertura en el estado y aseguren la atención en hogares y comunidades  ',37,1),(162,'Expandir los horarios de atención médica para brindar servicios en el primer nivel de atención durante las 24 horas del día, los siete días de la semana',37,1),(163,'Incentivar la actualización de los conocimientos y habilidades del personal de salud con la participación de organismos oficialmente reconocidos y especializados en temas de prevención y atención integral',38,1),(164,'Consolidar la calidad del servicio médico mediante la ampliación y certificación periódica del personal de salud',38,1),(165,'Promover el apego de los establecimientos de salud públicos y privados a los estándares de calidad en materia de salud',38,1),(166,'Fortalecer la relación médico-paciente en los tres niveles de atención especializada de forma incluyente',38,1),(167,'Incentivar la aplicación de la biotecnología roja en los procesos médicos',38,1),(168,'Promover una red de hospitales que cuenten con las herramientas y tecnologías robóticas, para brindar un servicio especializado y de vanguardia al cuidado de la salud',38,1),(169,'Consolidar la infraestructura y equipamiento de las unidades médicas y establecimientos de apoyo para la prestación de servicios de manera incluyente y sostenible',39,1),(170,'Expandir la cobertura de conectividad de voz y datos en las unidades médicas y establecimientos pertenecientes al Sistema Estatal de Salud',39,1),(171,'Modernizar la infraestructura y promover el uso y aprovechamiento de sistemas informáticos integrales en el Sistema Estatal de Salud',39,1),(172,'Consolidar el uso de las tecnologías de la información para la capacitación continua del personal de salud, así como la prestación de servicios médicos a distancia',39,1),(173,'Impulsar la atención integral en las unidades médicas del sector salud a personas que viven violencia familiar y/o sexual con énfasis en grupos en situación de vulnerabilidad',40,1),(174,'Fomentar la atención integral a las mujeres, en especial durante el periodo preconcepcional, embarazo, parto y puerperio, para disminuir el riesgo de enfermedades obstétricas y ginecológicas',40,1),(175,'Promover en las unidades médicas la orientación y consejería sobre planificación familiar',40,1),(176,'Desarrollar mecanismos de prevención y atención integral que reduzcan la mortalidad materna e infantil',40,1),(177,'Promover nuevas habilidades y formas de comportamiento entre la población en situación de vulnerabilidad que permita el mejoramiento de las condiciones de salud en el estado',40,1),(178,'Reforzar los esquemas de atención en el sector público para la detección y atención oportuna de las enfermedades que más afectan a la población en situación de vulnerabilidad',40,1),(179,'Reforzar las acciones de prevención y atención integral de enfermedades crónico degenerativas, respiratorias e infecto contagiosas, con énfasis en las más frecuentes',41,1),(180,'Promover la cobertura de vacunación universal con esquema completo',41,1),(181,'Reforzar las acciones de prevención y control de las enfermedades transmitidas por vector y zoonosis',41,1),(182,'Impulsar acciones de promoción de la salud, prevención y atención integral de enfermedades metabólicas asociadas a la nutrición, para el combate al sobrepeso y la obesidad',41,1),(183,'Reforzar los mecanismos de prevención, detección, atención integral y seguimiento de las personas que viven con el Virus de la Inmunodeficiencia Humana (VIH), sida y otras Infecciones de Transmisión Sexual (ITS)',41,1),(184,'Reforzar las acciones de promoción de la salud en la población para la adopción habitual de medidas de autocuidado de la salud, donación de sangre y adopción de conductas seguras en la vida cotidiana',41,1),(185,'Reforzar las acciones de prevención, atención y control de trastornos mentales, padecimientos psicosociales y por uso de sustancias, con especial atención en la población en situación de vulnerabilidad',42,1),(186,'Desarrollar acciones de mejora en las unidades de atención de salud mental con enfoque a los derechos humanos de los pacientes',42,1),(187,'Promover acciones de sensibilización en los diferentes órdenes de gobierno y la sociedad sobre salud mental y la inclusión de personas con trastornos mentales',42,1),(188,'Reforzar la vigilancia y control sanitario de establecimientos que ofrecen bienes y servicios de uso y/o consumo humano así como los asociados a factores ambientales y de salud ocupacional',43,1),(189,'Reforzar las acciones de saneamiento básico derivados de la ocurrencia de emergencias y desastres en el estado',43,1),(190,'Consolidar las acciones de regulación de la publicidad y etiquetado de alimentos, bebidas y sustancias adictivas legales',43,1),(191,'Fomentar la actualización del marco legal que permita la regulación sanitaria de establecimientos no formales',43,1),(192,'Gestionar el trabajo colaborativo en las comunidades, escuelas y municipios que propicien la certificación como entornos saludables que mejoran la condición de vida de la población',44,1),(193,'Promover la colaboración con las y los auxiliares de salud comunitarias y parteras tradicionales en el reforzamiento de acciones de prevención y control de las enfermedades en las comunidades',44,1),(194,'Reforzar la colaboración interinstitucional en la operación de puntos de control de niveles de alcohol en conductores de vehículos como medida en la prevención de accidentes viales',44,1),(195,'Generar acciones que garanticen la sostenibilidad alimentaria de las personas en condición de desnutrición',45,1),(196,'Incentivar la sana alimentación de las y los lactantes y de la niñez en el desarrollo de la primera infancia',45,1),(197,'Elaborar campañas que incentiven el consumo de alimentos con alta calidad nutricia y erradiquen conductas alimentarias que generan desnutrición',45,1),(198,'Coordinar acciones entre los sectores académico, privado, público y personas de las comunidades para abatir el hambre',45,1),(199,'Proporcionar capacitación sobre los hábitos de una buena alimentación y la importancia del desarrollo infantil',46,1),(200,'Apoyar a las personas y/u organizaciones que propicien la sana alimentación en las comunidades de mayor carencia alimentaria en el estado',46,1),(201,'Promover la entrega de desayunos y paquetes alimenticios con alta calidad nutricia, priorizando a las comunidades con mayor marginación y carencia alimentaria, previniendo las enfermedades relacionadas con la desnutrición',46,1),(202,'Impulsar, en coordinación con las organizaciones de la sociedad civil, una campaña de manejo de excedentes y de las pérdidas post cosecha con el objetivo de disminuir la malnutrición y desnutrición',46,1),(203,'Impartir capacitaciones sobre la selección e inocuidad de cultivos con alto valor calórico',47,1),(204,'Promover la investigación sobre la diversidad genética de las semillas, las plantas y los animales de granja para el procesamiento de alimentos nutritivos e inocuos',47,1),(205,'Gestionar una mayor inversión en infraestructura rural, servicios de extensión, desarrollo tecnológico y en bancos de granos o de animales de crianza',47,1),(206,'Promover la producción agropecuaria sostenible y la autogestión alimentaria, priorizando a las familias indígenas con mayor inseguridad alimentaria',48,1),(207,'Brindar capacitación sobre técnicas de producción eficiente y sostenible en las comunidades rurales con un enfoque incluyente',48,1),(208,'Expandir el sistema educativo a las comunidades indígenas para reducir el rezago',49,1),(209,'Realizar acciones que garanticen la seguridad alimentaria y nutricional en los pueblos indígenas',49,1),(210,'Extender la cobertura y calidad de los servicios de salud en las comunidades indígenas',49,1),(211,'Proporcionar la infraestructura adecuada y de calidad para las viviendas en comunidades indígenas',49,1),(212,'Reforzar el acceso a los servicios básicos para las viviendas en comunidades indígenas',49,1),(213,'Promover el acceso a la seguridad social sostenible para las comunidades indígenas',49,1),(214,'Impulsar intérpretes traductores que proveen asistencia multidisciplinaria a la población maya hablante',50,1),(215,'Realizar campañas de respeto a los derechos de los maya hablantes con un lenguaje incluyente y accesible',50,1),(216,'Organizar consejos comunitarios que supervisen el cumplimiento de los derechos de la población maya hablante',50,1),(217,'Reforzar la medicina tradicional maya a través de un registro único de mujeres y hombres que ejercen esta milenaria práctica en Yucatán',50,1),(218,'Incorporar la perspectiva de género en la asignación de apoyos y recursos de los programas federales dirigidos a la población indígena',50,1),(219,'Ampliar la cobertura de los centros educativos, principalmente en las comunidades indígenas',51,1),(220,'Rehabilitar los espacios educativos con infraestructura accesible e inclusiva',51,1),(221,'Impulsar acciones de construcción y mantenimiento en las escuelas, que satisfagan las necesidades de los usuarios',51,1),(222,'Implementar acciones de equipamiento en escuelas del interior del estado',51,1),(223,'Consolidar los espacios radioeléctricos y televisivos para ofertar la educación básica y media superior en comunidades de difícil acceso',51,1),(224,'Desarrollar acciones de alfabetización para la atención de jóvenes y adultos en rezago educativo',52,1),(225,'Organizar grupos de enseñanza continua entre la comunidad con técnicas de aprendizaje que prioricen la atención de la primera infancia, adultos mayores y personas con discapacidad',52,1),(226,'Generar apoyos para las organizaciones que combaten el analfabetismo',52,1),(227,'Impartir asesoría extra clases en comunidades con altos niveles de rezago educativo y/o personas con discapacidad',52,1),(228,'Establecer programas de regularización educativa en las comunidades que presentan mayor rezago educativo',52,1),(229,'Reforzar la profesionalización integral del personal docente para la educación multigrado y la innovación de los procesos pedagógicos, incluyendo contenidos de emprendimiento desde nivel básico',53,1),(230,'Coordinar acciones que vinculen la educación media superior y superior con el mercado laboral, mediante el reforzamiento de la educación dual y profesionalización técnica',53,1),(231,'Promover programas para el desarrollo socioemocional de las y los estudiantes',53,1),(232,'Desarrollar mecanismos innovadores que promuevan la mejora en el desempeño de las y los estudiantes',53,1),(233,'Adaptar el aprendizaje en función al uso de tecnologías de la información y comunicación',54,1),(234,'Reforzar la atención y calidad de los centros que brindan educación especial y los centros de atención múltiple con enfoque de inclusión, prioritariamente aquellas asociadas con discapacidad y/o con aptitudes sobresalientes',54,1),(235,'Instruir a los padres de familia y personal docente sobre el pleno desarrollo integral de las personas con necesidades educativas especiales',54,1),(236,'Proporcionar materiales académicos para las y los estudiantes de educación básica y media superior, principalmente a las personas de comunidades indígenas',54,1),(237,'Extender la oferta de becas para las y los estudiantes de todos los niveles educativos, priorizando a las madres adolescentes, la niñez con alguna discapacidad y la población en situación de vulnerabilidad',54,1),(238,'Establecer acciones para mejorar las capacidades de las y los trabajadores sociales en las instituciones educativas, con énfasis en las zonas con altos niveles de rezago',54,1),(239,'Asegurar la educación integral con un esquema de participación social que favorezca las decisiones libres, responsables e informadas de niñas, niños y adolescentes, sobre el ejercicio de su sexualidad y salud sexual y reproductiva',54,1),(240,'Promover acciones que fortalezcan la educación intercultural bilingüe y el uso de la lengua maya en escuelas públicas de educación básica',54,1),(241,'Gestionar recursos para la adquisición, construcción, ampliación y mejoramiento de viviendas, principalmente en comunidades marginadas',55,1),(242,'Establecer mecanismos de coordinación con los diferentes órdenes y niveles de gobierno para reforzar las acciones de vivienda',55,1),(243,'Fomentar la adquisición, construcción y ampliación de viviendas adecuadas, especialmente para personas con discapacidad',55,1),(244,'Desarrollar acciones que faciliten el acceso a planes de financiamiento de viviendas dignas y de bajo costo, para mujeres y grupos en situación de vulnerabilidad',55,1),(245,'Promocionar la participación de organizaciones no gubernamentales en el financiamiento para la construcción, ampliación y mejoramiento de vivienda',55,1),(246,'Promover el financiamiento de desarrollos habitacionales con materiales y tecnologías que que reduzcan el consumo de energía eléctrica, emisión de CO2 y residuos contaminantes',55,1),(247,'Promover el financiamiento de proyectos de desarrollos habitacionales que cumplan con la normatividad de desarrollo sustentable',55,1),(248,'Establecer programas de acceso y financiamiento de viviendas sustentables o amigables con el medio ambiente',56,1),(249,'Realizar acciones de vivienda con materiales duraderos, priorizando las familias en situación de pobreza y marginación',56,1),(250,'Promover la investigación de nuevas propuestas para el uso de materiales alternativos y energías renovables para la construcción de viviendas',56,1),(251,'Implementar programas de reubicación de viviendas asentadas en zonas de alto riesgo o no aptas para uso habitacional',56,1),(252,'Promover acciones de prevención y mantenimiento de viviendas regulares con mayor exposición y vulnerabilidad a fenómenos naturales',56,1),(253,'Consolidar la red de agua potable, drenaje y alcantarillado en zonas habitacionales que presenten mayor rezago',57,1),(254,'Implementar acciones de electrificación que garanticen a la población el acceso a energía continua y suficiente',57,1),(255,'Desarrollar acciones que permitan el acceso de la población a combustibles amigables con la salud y el medio ambiente',57,1),(256,'Incentivar la participación del sector privado en la provisión de servicios básicos de calidad, suficientes y accesibles para las viviendas del estado',57,1),(257,'Promover el desarrollo de nuevas opciones de financiamiento para constructores del sector privado que ofrezcan viviendas de bajo costo y con servicios básicos de calidad',57,1),(258,'Promover asentamientos humanos en zonas seguras y con acceso a servicios básicos',57,1),(259,'Fomentar el uso de materiales alternativos y energías renovables para dotar de servicios básicos a las viviendas',57,1),(260,'Planear redes de infraestructura que permitan la ampliación de la cobertura de los servicios de agua potable, alcantarillado y electrificación con un enfoque de desarrollo sostenible y con prioridad en las zonas marginadas',58,1),(261,'Promover una normativa que garantice el desarrollo de proyectos de viviendas seguras, dignas, saludables y amigables con el medio ambiente',58,1),(262,'Poner en marcha la reubicación de asentamientos en condiciones de riesgo ante fenómenos naturales, focos de contaminación o riesgos derivados de la acción humana',58,1),(263,'Organizar grupos comunitarios que favorezcan el desarrollo y el bienestar social',59,1),(264,'Salvaguardar el patrimonio de las familias que habitan principalmente en zonas de riesgo',59,1),(265,'Asesorar a la población en situación de vulnerabilidad y de comunidades indígenas sobre el derecho a prestaciones y garantías laborales',59,1),(266,'Mejorar la cobertura y beneficios del sistema de seguridad social de los trabajadores al servicio de los poderes públicos estatales y de los municipios',59,1),(267,'Elaborar campañas de afiliación al sistema de salud, principalmente a la población que vive en comunidades indígenas',60,1),(268,'Crear ventanillas o campañas de difusión para asesorar a las personas sobre la adquisición de un seguro',60,1),(269,'Promover un sistema de protección social universal de amplio alcance en el estado',60,1),(270,'Promover acciones que incentiven la participación y bienestar del adulto mayor',61,1),(271,'Promover afiliaciones a la seguridad social de personas adultas mayores en comunidades con alto grado de pobreza y/o marginación',61,1),(272,'Promover la seguridad social de los adultos mayores para mejorar su calidad de vida',61,1),(273,'Impulsar el desarrollo de espacios incluyentes en los municipios para la realización de actividades artísticas y culturales',62,1),(274,'Adecuar la infraestructura cultural existente en los municipios del estado, garantizando su resiliencia y sostenibilidad, así como la accesibilidad de personas con discapacidad, adultos mayores y mujeres embarazadas',62,1),(275,'Diseñar normas y lineamientos claros y transparentes para el uso adecuado y óptimo de la infraestructura cultural',62,1),(276,'Optimizar espacios e infraestructura existente para la realización de actividades y eventos artísticos y culturales',62,1),(277,'Implementar acciones, como circuitos culturales, que favorezcan la descentralización de los servicios artísticos y culturales hacia zonas de Mérida con baja oferta cultural y municipios del interior del estado, garantizando la inclusión y accesibilidad',63,1),(278,'Estimular la diversificación de la oferta cultural apoyando producciones de grupos independientes y emitiendo convocatorias incluyentes',63,1),(279,'Incentivar la creación de productos y servicios artísticos y culturales, con enfoque de igualdad de género',63,1),(280,'Estimular el desarrollo y consolidación de niños y jóvenes creadores mediante recintos culturales infantiles, creación de compañías de danza y teatro infantil, así como la realización de eventos y festivales',63,1),(281,'Incentivar proyectos y eventos culturales que busquen la transformación social y sensibilización en inclusión, igualdad y atención a grupos en situación de vulnerabilidad',63,1),(282,'Diseñar un sistema de información cultural que permita medir cuantitativamente y cualitativamente la economía cultural e industrias creativas',64,1),(283,'Incorporar a las políticas públicas, programas y acciones la validación de la dimensión comercial de la cultura y la creatividad, y su articulación con tecnología, infraestructura, acceso a mercados, entre otros',64,1),(284,'Implementar acciones de vinculación entre el sector cultural e industrias creativas con el sector turístico y económico',64,1),(285,'Motivar la innovación dentro de las industrias culturales y creativas, que estimulen a los artistas y creadores locales',64,1),(286,'Utilizar herramientas de las Tecnologías de la Información y la Comunicación para acercar los eventos, productos y servicios culturales a la población',65,1),(287,'Desarrollar acciones de sensibilización del valor del arte y la cultura para contribuir a crear nuevos públicos',65,1),(288,'Propiciar una vinculación interinstitucional entre los tres órdenes de gobierno para impulsar el arte y la cultura',65,1),(289,'Generar información que ayude a mejorar la realización de los eventos artísticos y culturales a partir de la opinión y participación incluyente de la población',66,1),(290,'Implementar acciones de movilidad para facilitar el consumo de bienes y servicios culturales',66,1),(291,'Impulsar la incorporación de grupos artísticos de municipios y comunidades a la agenda cultural del estado',66,1),(292,'Incentivar el consumo de la población de eventos, productos y servicios culturales mediante apoyos o subvenciones',66,1),(293,'Motivar la generación, edición y publicación de medios escritos (libros, revistas, periódicos, entre otros), procurando la producción incluyente y con contenido dirigido a grupos en situación de vulnerabilidad, así como la generación de obras inéditas en diferentes géneros literarios, de investigación y divulgación científica',67,1),(294,'Crear colecciones incluyentes en formatos económicos',67,1),(295,'Desarrollar acciones que garanticen la distribución de los libros editados y coeditados en formato impreso y digital abarcando todas las regiones del estado, así como el mercado nacional e internacional',67,1),(296,'Promover la realización de ferias y festivales del libro y lectura en los municipios del estado',67,1),(297,'Reforzar las salas de lectura y bibliotecas en los municipios del estado con acciones de mantenimiento, equipamiento y acervo bibliográfico',67,1),(298,'Estimular el acceso a la lectura en lugares no convencionales como áreas hospitalarias, cárceles, orfanatos, entre otros',67,1),(299,'Desarrollar actividades de fomento a la lectura dirigidos a toda la población, pero con énfasis a niños, personas con discapacidad y grupos específicos que tengan limitaciones para acceder a medios escritos',67,1),(300,'Estimular la investigación y difusión de las manifestaciones de la cultura tradicional en Yucatán',68,1),(301,'Fomentar espacios de difusión en medios de comunicación de la cultura maya, su lengua, tradiciones, costumbres e historia',68,1),(302,'Impulsar acciones de profesionalización para los gestores y artistas de la cultura e identidad yucateca en sus propias localidades',68,1),(303,'Incentivar la difusión de la identidad cultural, tradiciones, historias y costumbres mediante agentes locales, preferentemente mujeres mayahablantes',68,1),(304,'Incentivar el desarrollo de eventos incluyentes que conlleven al rescate de los juegos y deportes tradicionales',68,1),(305,'Implementar acciones que promuevan el orgullo por la cultura tradicional',68,1),(306,'Exponer las expresiones artísticas, tradiciones y costumbres en un ámbito internacional a través de intercambios, colaboraciones y fusiones artísticas',68,1),(307,'Reestructurar la agenda cultural de las comunidades y colonias, implementando eventos y actividades en lengua maya',68,1),(308,'Incentivar los eventos y actividades de cultura tradicional como trova, teatro regional, bailes, festividades, fiestas patronales, entre otros',68,1),(309,'Establecer una vinculación entre los sectores cultural y educativo para implementar proyectos y programas educativos que favorezcan la preservación y desarrollo de las culturas populares y la cultura maya',68,1),(310,'Estimular la creación de proyectos viables y autogestivos de la artesanía local',69,1),(311,'Fomentar el interés por la creación artesanal en los jóvenes para preservar las costumbres y tradiciones',69,1),(312,'Reforzar los canales de distribución y comercialización de productos artesanales en zonas estratégicas del estado',69,1),(313,'Impulsar la creación de espacios físicos y virtuales para exposiciones y muestras artesanales',69,1),(314,'Impartir talleres de formación y actualización artística garantizando la inclusión social y equidad',70,1),(315,'Otorgar apoyos que incentiven la formación y profesionalización de nuevos artistas y creadores',70,1),(316,'Consolidar los programas de educación y formación artística formal desde el grado inicial hasta posgrado con una perspectiva incluyente',70,1),(317,'Implementar acciones que faciliten la empleabilidad de nuevos artistas',70,1),(318,'Consolidar los centros de educación artística públicos y privados encargados de generar nuevos artistas',70,1),(319,'Facilitar a los artistas y creadores el acceso a espacios incluyentes de expresión de las artes',71,1),(320,'Estimular la creación de manifestaciones artísticas enfocadas en las artes',71,1),(321,'Establecer esquemas de colaboración público-privada que permitan apoyar a compañías, artistas y creadores dedicados al teatro, artes escénicas, música, danza, artes visuales, multimedia y demás manifestaciones artísticas contemporáneas',71,1),(322,'Incentivar la profesionalización continua de los artistas y creadores mediante la vinculación de programas de profesionalización del sector privado y de los tres órdenes de gobierno',71,1),(323,'Diagnosticar la calidad de la educación artística utilizando criterios y lineamientos pedagógicos de reconocida calidad nacional e internacional',72,1),(324,'Reforzar la educación artística con enfoque intercultural e incluyente',72,1),(325,'Promover la realización de actividades artísticas extraescolares',72,1),(326,'Habilitar los Centros Culturales como un foro que ayude a la enseñanza y apreciación del arte en la educación básica',72,1),(327,'Consolidar las capacidades docentes de las y los maestros de educación artística, haciendo hincapié en la adopción de enfoques pedagógicos actuales, administración eficiente del tiempo y nuevas estrategias de enseñanza-aprendizaje',72,1),(328,'Crear espacios para el intercambio y crecimiento profesional de los docentes de educación artística',72,1),(329,'Motivar las manifestaciones artísticas de profesionales y profesionistas en el sistema educativo',73,1),(330,'Incentivar la realización de eventos artísticos y culturales en instituciones educativas',73,1),(331,'Estimular que los profesionales del arte participen con las escuelas de educación básica para mejorar los programas y procedimientos de impartición artística',73,1),(332,'Promover los programas de educación superior en artes como opción de formación integral',74,1),(333,'Apoyar los procesos de evaluación y acreditación de licenciaturas en artes en el estado',74,1),(334,'Desarrollar acciones que garanticen el acceso incluyente a la formación artística',74,1),(335,'Incentivar la labor social del estudiante en artes para que fomente la cultura y su valoración',74,1),(336,'Implementar acciones que mejoren la calidad de la enseñanza en artes',74,1),(337,'Proporcionar apoyos o estímulos para los estudiantes en artes para que motiven su permanencia y egreso',74,1),(338,'Consolidar la formación de cuerpos académicos de educación superior en artes',74,1),(339,'Gestionar apoyos y estímulos a las instituciones y escuelas que tengan programas de enseñanza superior de arte',75,1),(340,'Estimular el emprendimiento y autoempleo de los estudiantes en artes',75,1),(341,'Vincular a los estudiantes de educación superior en artes con el mercado laboral',75,1),(342,'Fortalecer las capacidades de gestión y administrativas de las instituciones de educación superior en arte involucrando a la sociedad civil principalmente en el patronazgo',75,1),(343,'Conformar una instancia ciudadana con participación de distintos actores sociales, públicos y privados que coadyuve a promover, difundir y preservar el patrimonio cultural del estado',76,1),(344,'Promover mecanismos de intercambio de información sobre el estado y ubicación del patrimonio cultural entre académicos, gestores e instituciones de la Administración Pública',76,1),(345,'Promover en los municipios y comisarías la realización de eventos, exhibiciones y actividades que promuevan el conocimiento y conservación del patrimonio cultural',76,1),(346,'Actualizar la normatividad vigente en materia de protección y promoción del patrimonio cultural',77,1),(347,'Sensibilizar a los ayuntamientos a que tengan una participación activa en la protección e integración de su patrimonio',77,1),(348,'Gestionar la preservación de los acervos bibliográficos, hemerográficos, documentales y audiovisuales',77,1),(349,'Incentivar acciones y proyectos encaminados a la preservación del patrimonio cultural',77,1),(350,'Proporcionar mantenimiento a museos que promuevan y difundan el patrimonio cultural',77,1),(351,'Generar nuevos contenidos en la red de museos que promuevan el patrimonio cultural',77,1),(352,'Crear esquemas de identificación de talentos deportivos a través de un equipo multidisciplinario así como incentivar el desarrollo y permanencia de los talentos deportivos con enfoque incluyente',78,1),(353,'Proporcionar seguimiento y acompañamiento permanente a los talentos deportivos con enfoque incluyente',78,1),(354,'Reforzar los programas de exhibición de las disciplinas deportivas tradicionales y de deporte adaptado en escuelas de nivel preescolar y primaria',78,1),(355,'Establecer convenios de coordinación de impulso al deporte entre las escuelas y centros educativos que faciliten los entrenamientos de los atletas con un enfoque incluyente',78,1),(356,'Diseñar metodologías deportivas que abarquen todas las etapas de formación de un deportista',78,1),(357,'Proporcionar una atención integral a los deportistas de alto rendimiento con enfoque incluyente, y usando evidencia científica que coadyuve al desarrollo de los deportistas',79,1),(358,'Consolidar las capacidades de médicos y entrenadores de los deportistas de alto rendimiento con un enfoque incluyente',79,1),(359,'Crear programas de entrenamiento adecuados para los deportistas de alto rendimiento con un enfoque incluyente',79,1),(360,'Gestionar infraestructura deportiva incluyente y de calidad para la práctica de deporte de alto rendimiento',79,1),(361,'Diseñar esquemas financieros que sirvan como base para proporcionar estímulos a entrenadores y deportistas, en especial a los que ganen medallas en competencias de alto rendimiento',79,1),(362,'Consolidar la infraestructura deportiva existente garantizando su sostenibilidad para la realización de eventos y actividades físicas incluyentes',80,1),(363,'Promover la generación de espacios deportivos incluyentes y resilientes',80,1),(364,'Crear convenios de colaboración con la iniciativa privada para realizar acciones de rescate y mantenimiento de espacios públicos, así como implementar programas de activación física',80,1),(365,'Crear una campaña para la activación física en municipios aprovechando la infraestructura existente (parques y campos)',80,1),(366,'Motivar la práctica deportiva y activación física desde la infancia',80,1),(367,'Promover la vinculación laboral entre profesionistas y especialistas del deporte con los programas de activación física',80,1),(368,'Diseñar programas especiales de activación física de acuerdo con padecimientos de salud',80,1),(369,'Promover estrategias de prevención de la salud con acciones que impulsen la activación física de las y los estudiantes de educación básica',80,1),(370,'Apoyar a diferentes actores que promuevan o fomenten el deporte recreativo',81,1),(371,'Crear academias que promuevan la práctica de deportes de conjunto, con un enfoque incluyente y que abarque a todos los municipios del interior del estado',81,1),(372,'Utilizar técnicas alternativas que generen el interés por el deporte',81,1),(373,'Crear modelos de inclusión en la realización de actividades deportivas para personas con alguna discapacidad',81,1),(374,'Motivar la realización de torneos y eventos deportivos',81,1),(375,'Fomentar esquemas de traslado económico y seguro para los aficionados a eventos deportivos profesionales',82,1),(376,'Promover que el sistema de transporte proporcione una atención prioritaria en eventos deportivos masivos',82,1),(377,'Crear sinergias con instituciones públicas y privadas para la promoción de eventos deportivos',82,1),(378,'Implementar acciones que faciliten el acceso incluyente y seguro a los eventos deportivos',82,1),(379,'Implementar acciones que fomenten la identidad de la población con los equipos profesionales',83,1),(380,'Crear alianzas con instituciones públicas y privadas para la realización de eventos deportivos',83,1),(381,'Incentivar la creación de eventos deportivos profesionales procurando la participación de equipos o jugadores nacionales e internacionales',83,1),(382,'Considerar las áreas naturales protegidas en los programas de desarrollo urbano como instrumentos básicos del ordenamiento territorial',84,1),(383,'Estimular la creación de consejos comunitarios de vigilancia en todas las áreas protegidas del estado',84,1),(384,'Elaborar y dar seguimiento a programas de rehabilitación, reforestación y revegetación de los diversos ecosistemas presentes en las áreas naturales protegidas',84,1),(385,'Administrar las áreas naturales protegidas estatales para garantizar su protección',84,1),(386,'Promover el manejo sustentable de los recursos naturales endémicos que incrementen la reforestación',84,1),(387,'Implementar acciones de conservación de la superficie con vegetación',84,1),(388,'Realizar la vinculación con los tres órdenes de gobierno para implementar acciones de arborización con participación ciudadana, en las áreas naturales protegidas',84,1),(389,'Promover sistemas silvopastoriles que permitan el uso sustentable del suelo',85,1),(390,'Guiar la participación de los municipios en la protección y respeto de las zonas sujetas a conservación, promoviendo la vigilancia en los territorios de su competencia',85,1),(391,'Proteger y aprovechar de manera sustentable la biodiversidad en el estado',85,1),(392,'Generar plataformas de comunicación para la difusión de la conservación y el desarrollo sustentable en el territorio',85,1),(393,'Reforzar la protección de animales de crianza, domésticos, de trabajo o de situación de calle',85,1),(394,'Gestionar la creación de refugios de animales y veterinarias municipales',85,1),(395,'Promocionar campañas de educación y respeto hacia todos los animales en los municipios',85,1),(396,'Establecer programas de rescate y atención de especies en peligro de extinción que habitan en el estado',85,1),(397,'Plantear mecanismos de retribución económica que permitan el financiamiento de proyectos para la conservación de la naturaleza',85,1),(398,'Promover una legislación en favor de la protección y bienestar animal',86,1),(399,'Gestionar que los municipios cuenten con instrumentos de regulación ecológica que permitan la protección, preservación, restauración y aprovechamiento sustentable de los recursos naturales',86,1),(400,'Promover la cultura del medio ambiente desde la edad escolar para generar conciencia',86,1),(401,'Planificar el uso público de todos aquellos espacios protegidos que tengan entre sus objetivos facilitar el disfrute cultural, educativo y recreativo de la naturaleza',86,1),(402,'Gestionar recursos y financiamientos a favor de programas de manejo sustentable de los recursos naturales',86,1),(403,'Generar conocimientos en materia de gestión del ordenamiento ecológico territorial entre los ayuntamientos',86,1),(404,'Promover acciones que protejan el sistema kárstico del estado',86,1),(405,'Proponer una cultura forestal de sensibilización, organización y capacitación en los municipios',86,1),(406,'Promover la investigación científica enfocada al conocimiento y protección de la biodiversidad y los recursos naturales del estado',86,1),(407,'Dirigir la cooperación técnica ambiental con instituciones de educación superior, centros de investigación, organismos y agencias nacionales e internacionales',86,1),(408,'Implementar mecanismos de control y vigilancia del uso de agroquímicos en la agricultura',86,1),(409,'Impulsar la producción y uso de plantas nativas para la arborización con principal atención a zonas prioritarias',87,1),(410,'Promover la producción de plantas nativas que presten servicios ambientales a las comunidades',87,1),(411,'Promover una mayor cobertura forestal a través de especies nativas',87,1),(412,'Reforzar la normatividad legal aplicable a las acciones que contrarresten la deforestación en el estado',88,1),(413,'Realizar la vinculación con los tres órdenes de gobierno para implementar acciones de arborización de terrenos y edificios públicos con participación ciudadana',88,1),(414,'Implementar programas enfocados a reducir la pérdida de cobertura forestal del estado',88,1),(415,'Regular el cambio de uso del suelo en terrenos forestales para su conservación y uso adecuado para evitar la degradación',88,1),(416,'Elaborar diagnósticos para determinar cuáles son las áreas prioritarias para la conservación',88,1),(417,'Impulsar la recuperación, restauración y reforestación de los ecosistemas que han sufrido algún cambio',88,1),(418,'Reforzar los consejos ciudadanos para implementar acciones contra el cambio climático',89,1),(419,'Promover la realización de estudios e investigaciones sobre posibles efectos derivados del cambio climático',89,1),(420,'Promover entre la población la adopción de medidas de adaptación y mitigación ante el cambio climático',89,1),(421,'Incorporar a los planes de estudio de todos los niveles educativos la enseñanza de medidas para la prevención, adaptación y mitigación de los efectos del cambio climático',89,1),(422,'Reforzar el fondo estatal de apoyo contra desastres naturales',90,1),(423,'Plantear acciones para la concientización de la población que habita en zonas de riesgo de fenómenos meteorológicos',90,1),(424,'Fomentar una cultura de prevención y respuesta eficaz ante desastres naturales en coordinación con los municipios del estado',90,1),(425,'Incorporar instrumentos para la gestión de riesgos que permitan accionar ante las posibles consecuencias de los fenómenos naturales adversos',90,1),(426,'Promover la restauración de las barreras naturales para disminuir los impactos de eventos meteorológicos extremos en la zona costera',90,1),(427,'Poner en marcha mecanismos de mitigación con el sector agropecuario, industrial, comercial y de servicios, a fin de reducir sus emisiones de carbono',91,1),(428,'Promover el uso de ecotecnias para reducir la huella ecológica y mejorar el aprovechamiento sustentable de los recursos naturales',91,1),(429,'Generar incentivos económicos para la aplicación de modelos agropecuarios ecológicos y sostenibles',91,1),(430,'Promover prácticas que propicien la reducción de los gases de efecto invernadero',91,1),(431,'Impulsar desde las compras y el consumo de la administración pública estatal, una economía baja en carbono',91,1),(432,'Identificar y monitorear las fuentes de emisiones contaminantes',92,1),(433,'Actualizar el marco regulatorio vigente en materia de prevención y control de la contaminación atmosférica',92,1),(434,'Sensibilizar a la ciudadanía sobre la calidad del aire, los efectos de la contaminación en la salud y en los ecosistemas, así como los riesgos por exposición',92,1),(435,'Desarrollar un sistema integral de verificación de la calidad del aire que incluya el sistema de transporte y el sector industrial',92,1),(436,'Promover la investigación y la innovación tecnológica como base de las políticas para mejorar la calidad del aire',92,1),(437,'Establecer mecanismos para el monitoreo de la calidad del aire prioritariamente en los municipios más afectados por la contaminación',92,1),(438,'Promover el fortalecimiento y actualización de la legislación en materia hídrica en el estado',93,1),(439,'Diseñar programas para la reutilización de las aguas residuales tratadas para uso general y en el sector industrial',93,1),(440,'Identificar fuentes de financiamiento para fortalecer los sistemas de saneamiento y tratamiento de agua con visión a largo plazo',94,1),(441,'Ampliar la infraestructura existente para el suministro de agua potable en el estado',94,1),(442,'Establecer mecanismos de cooperación entre el gobierno estatal y la iniciativa privada, para desarrollar proyectos de materia de tratamiento de aguas residuales',94,1),(443,'Establecer programas, procesos de mantenimiento y mejoramiento de las plantas de tratamiento de aguas residuales existentes',94,1),(444,'Elaborar un plan de innovación tecnológica para el fomento al tratamiento de las descargas de aguas residuales',95,1),(445,'Promover la regulación de las plantas de tratamiento residuales, para que incorporen las tecnologías que resulten más convenientes para la población',95,1),(446,'Invertir en nuevas tecnologías que mejoren la calidad del agua tratada',95,1),(447,'Vincular a las universidades y centros de investigación para el desarrollo tecnológico en el mejoramiento del tratamiento de agua',95,1),(448,'Desarrollar esquemas de economía circular para el cuidado del agua',95,1),(449,'Promover planes y normas que regulen el uso eficiente del agua',96,1),(450,'Poner en marcha acciones para hacer más eficiente y mejorar la calidad en el servicio de potabilización del agua',96,1),(451,'Desarrollar procesos de fortalecimiento y capacitación de los municipios para la gestión sustentable del agua',96,1),(452,'Incrementar la captación y aprovechamiento del agua pluvial',96,1),(453,'Promover en el sector empresarial, especialmente en la industria hotelera y de servicios turísticos, el uso eficiente del agua, reducción de emisiones contaminantes y reciclaje',96,1),(454,'Promover la concientización de la población sobre el uso responsable y eficiente del agua así como el pago oportuno del servicio',96,1),(455,'Promover prácticas sustentables en las actividades agrícolas eficientes en el uso del agua',96,1),(456,'Estandarizar indicadores de medición de la calidad del agua en el manto acuífero',97,1),(457,'Implementar esquemas de vigilancia ciudadana del agua',97,1),(458,'Promover la creación de un sistema de monitoreo e inspección de la calidad del agua a nivel estatal',97,1),(459,'Promover una cultura de sustentabilidad en torno al manejo integral de residuos desde la educación formal y no formal',98,1),(460,'Organizar la gestión de los residuos sólidos y especiales de acuerdo con una lógica regional en los municipios, a fin de sumar las capacidades institucionales y hacer uso eficiente de los recursos',98,1),(461,'Formular acciones que aumenten el valor de los residuos recolectados dentro de economías de escala',98,1),(462,'Capacitar al sector empresarial, gubernamental y a la sociedad para la elaboración adecuada de sus planes de manejo de residuos',98,1),(463,'Desarrollar esquemas de saneamiento y recuperación de sitios afectados por el inadecuado manejo de los residuos',98,1),(464,'Estimular la participación de la población para elaborar iniciativas ciudadanas para el manejo integral de los residuos',98,1),(465,'Promover la inversión privada en el manejo integral de los residuos sólidos y especiales',98,1),(466,'Implementar mecanismos de monitoreo y evaluación del cumplimiento de los reglamentos y normas ambientales',98,1),(467,'Regular el uso del plástico en el estado',99,1),(468,'Promover en las empresas que fabrican bolsas y productos de plástico la adopción de tecnologías biodegradables',99,1),(469,'Incentivar a las empresas para que adopten una cultura de reducción de residuos',99,1),(470,'Incentivar el uso de los empaques ambientalmente responsables en los establecimientos comerciales',99,1),(471,'Reforzar y mejorar los esquemas de organización y comunicación dirigida a la reducción y aprovechamiento de los residuos',99,1),(472,'Gestionar la infraestructura para aumentar el aprovechamiento y valorización de los residuos',100,1),(473,'Diseñar campañas para la separación de residuos sólidos y la reutilización de materiales de desecho',100,1),(474,'Fortalecer el marco jurídico, para establecer trabajo comunitario de recolección de residuos sólidos y limpieza de calles como sanción a quienes arrojan residuos sólidos en espacios públicos',100,1),(475,'Incentivar y regular a la industria para el manejo sustentable de los residuos sólidos y especiales',100,1),(476,'Promover el reciclaje inclusivo en los municipios',100,1),(477,'Promover la innovación e investigación para eficientar la valorización de los residuos',100,1),(478,'Promover proyectos en el sector empresarial que contribuyan al desarrollo tecnológico de energías limpias',101,1),(479,'Vincular los diferentes sectores para la implementación conjunta de proyectos de eficiencia energética y energías limpias',101,1),(480,'Promover la investigación y capacitación en torno a las energías renovables',101,1),(481,'Promover proyectos de energías renovables en los ámbitos industrial y residencial',102,1),(482,'Promover el desarrollo de inventarios de energías limpias en el estado',102,1),(483,'Favorecer la implementación de energías limpias en el gobierno estatal',102,1),(484,'Promover la generación y gestión de energía distribuida y autónoma a través de fuentes renovables',102,1),(485,'Promover con las autoridades competentes, la inclusión en la evaluación y autorización de proyectos de generación de energías renovables',102,1),(486,'Promover el uso de dispositivos compatibles con las energías limpias a la población',103,1),(487,'Promover la operación de proyectos de inversión privada de energías no contaminantes',103,1),(488,'Establecer incentivos para que los sectores social y privado hagan uso de energías limpias',103,1),(489,'Establecer mecanismos de cooperación que ofrezcan alternativas viables con relación a los costos de insumos energéticos',104,1),(490,'Promover proyectos científicos y tecnológicos, dirigidos a reducir la demanda energética e incrementar el uso de energías renovables',104,1),(491,'Poner en marcha proyectos e inversiones dirigidas a un aprovechamiento sustentable de la energía en el estado',104,1),(492,'Promover la acuacultura como medio para evitar la sobreexplotación de las especies marinas',105,1),(493,'Reforzar la vigilancia del cumplimiento de los periodos de veda de las especies marinas',105,1),(494,'Implementar programas de manejo y conservación de especies marinas en el estado',105,1),(495,'Reforzar la regulación y vigilancia sobre la pesca recreativa y deportiva',105,1),(496,'Establecer programas de conservación y promover el rescate y cuidado de los manglares y playas de las zonas costeras',106,1),(497,'Difundir campañas de limpieza de playas que fomenten la participación ciudadana',106,1),(498,'Establecer programas de vigilancia permanente de las playas para evitar su contaminación',106,1),(499,'Reforzar programas de educación ambiental enfocados a la conservación costera',106,1),(500,'Implementar alternativas para la pesca, a fin de reducir la presión sobre especies submarinas en peligro o en riesgo',106,1),(501,'Promover programas y proyectos que favorezcan la restauración y conservación de la zona costera',106,1),(502,'Reforzar el manejo adecuado de las zonas costeras protegidas',106,1),(503,'Impulsar el desarrollo de infraestructura específica para optimizar el Sistema de Transporte Urbano',107,1),(504,'Elaborar programas de capacitación para los prestadores de servicio de transporte público',107,1),(505,'Establecer lineamientos que permitan castigar el acoso femenil dentro del sistema de transporte público',108,1),(506,'Gestionar el incremento de las unidades de transporte público adecuadas para las personas con discapacidad',108,1),(507,'Implementar acciones que prioricen al peatón y modifiquen la infraestructura de calles y banquetas, dando especial atención a personas con discapacidad',109,1),(508,'Elaborar programas de ampliación de la infraestructura urbana para movilidad no motorizada',109,1),(509,'Elaborar programas que promuevan el uso de medios de transporte sustentables como alternativa a los medios de transporte motorizados ',109,1),(510,'Formular programas de desarrollo urbano que contribuyan y fortalezcan la movilidad integral en todos los municipios del estado',109,1),(511,'Promover esquemas de capacitación y cultura vial para operadores y usuarios del transporte público',110,1),(512,'Adecuar las vialidades en zonas de alto riesgo para los peatones con enfoque incluyente',110,1),(513,'Promover la realización de estudios y proyectos que contribuyan a mejorar la cultura vial y la reducción de accidentes',110,1),(514,'Crear programas e instrumentos para mejorar la accesibilidad universal a corto, mediano y largo plazo',111,1),(515,'Elaborar un plan de movilidad urbana sustentable bajo en carbono',111,1),(516,'Reforzar el transporte interurbano de calidad y con accesibilidad universal',111,1),(517,'Motivar el desarrollo de propuestas ciudadanas de movilidad asequible, segura y no contaminante, en los instrumentos de planeación',111,1),(518,'Proponer esquemas integrales de movilidad urbana',111,1),(519,'Fortalecer la legislación estatal en materia de movilidad sustentable',111,1),(520,'Incentivar la transición del uso del automóvil hacia medios de transporte más sustentables',111,1),(521,'Incorporar la conectividad urbana y la provisión de redes de transporte público como exigencia para nuevas urbanizaciones',111,1),(522,'Revisar y actualizar los instrumentos normativos existentes en materia de movilidad urbana sustentable',111,1),(523,'Facilitar el acceso a los métodos anticonceptivos de la población para el ejercicio de sus derechos sexuales y reproductivos',112,1),(524,'Propiciar las condiciones para la atención integral, especializada y con perspectiva de género de salud de las mujeres, con énfasis en mujeres con alguna discapacidad, en situación de pobreza extrema o marginación',112,1),(525,'Fortalecer los esquemas de atención con enfoque intercultural en el sector público para la detección y atención oportuna de las enfermedades que más afectan a las mujeres',112,1),(526,'Facilitar el acceso a los servicios médicos y psicológicos a niñas, mujeres adultas y adultas mayores con discapacidad, en situación de pobreza extrema o marginación',113,1),(527,'Impulsar campañas de prevención del embarazo adolescente, con un enfoque inclusivo y con atención especial en zonas marginadas y en el interior del estado',113,1),(528,'Facilitar el acceso a servicios médicos y psicológicos a niñas y adolescentes embarazadas para garantizar su salud',113,1),(529,'Sensibilizar sobre el paradigma de los nuevos modelos de masculinidad en la prevención del embarazo adolescente',113,1),(530,'Impulsar convenios de colaboración y fomentar la coordinación con los sectores público, privado, social y académico para fortalecer la educación inclusiva, con atención especial en comunidades alejadas',114,1),(531,'Promover esquemas especiales de alfabetización para mujeres adolescentes y adultas',114,1),(532,'Impulsar acciones afirmativas que permitan a las mujeres embarazadas o madres solteras continuar con su formación educativa',114,1),(533,'Promover el enfoque de género en los procesos de diseño de programas educativos de todos los niveles de atención',114,1),(534,'Impulsar acciones interinstitucionales en el ámbito educativo para la prevención del embarazo adolescente',114,1),(535,'Facilitar apoyos e incentivos para fortalecer la permanencia escolar de las niñas y mujeres, con énfasis en zonas de alto riesgo de deserción educativa',114,1),(536,'Promover la inclusión de mujeres estudiantes, docentes, personal administrativo y con discapacidad en el sector educativo, en especial en profesiones altamente masculinizadas',115,1),(537,'Establecer escenarios propicios para la integración de las mujeres indígenas y mayahablantes a la educación',115,1),(538,'Fomentar acciones para eliminar estereotipos de género en la educación',115,1),(539,'Implementar programas de capacitación que permitan a las mujeres fortalecer sus habilidades en el uso de tecnologías',115,1),(540,'Crear una estrategia coordinada para combatir la pobreza y fomentar la inserción laboral de las mujeres',116,1),(541,'Impulsar una bolsa de trabajo inclusiva para mujeres con discapacidad y adultas mayores',116,1),(542,'Impulsar acciones en beneficio de mujeres con bajo nivel de escolaridad, madres solteras, mujeres adultas mayores o con discapacidad en beneficio de su autonomía financiera',116,1),(543,'Implementar acciones que favorezcan las condiciones de competitividad para las mujeres emprendedoras y generadoras de empleo',116,1),(544,'Promover redes comunitarias de mujeres productoras y comerciantes que fortalezcan el desarrollo económico',116,1),(545,'Impulsar alianzas, entre el sector público y privado, que premien la responsabilidad social empresarial y permitan a las mujeres conciliar su vida familiar y laboral',116,1),(546,'Promover un salario equitativo entre mujeres y hombres por trabajo de igual valor',116,1),(547,'Promover apoyos para mujeres que presten cuidados no remunerados a personas dependientes conocidos como “cuidados prolongados”',116,1),(548,'Promover redes que impulsen de manera focalizada el emprendimiento de las mujeres a través del acompañamiento, servicios eficientes y comercialización de sus productos',116,1),(549,'Incrementar la participación política de las mujeres, especialmente para los puestos públicos de toma de decisiones e impartición de justicia',117,1),(550,'Promover la corresponsabilidad de los hogares para facilitar la participación de las mujeres en la toma de decisiones familiares, educativas y económicas',117,1),(551,'Promover la transversalización de la perspectiva de género en todos los ciclos de las políticas públicas',117,1),(552,'Fortalecer las instituciones enfocadas a transversalizar la perspectiva de género en la entidad',117,1),(553,'Fomentar el empoderamiento de las mujeres para aumentar la resiliencia y adaptación al cambio climático',117,1),(554,'Impulsar el acceso de las mujeres a la información y participación en decisiones ambientales y manejo sustentable de los recursos',117,1),(555,'Capacitar a las y los titulares de las dependencias y entidades para la institucionalización e incorporación de la perspectiva de género',118,1),(556,'Promover la incorporación de buenas prácticas para la igualdad laboral y no discriminación con el objetivo de que los sectores públicos y privados obtengan certificaciones en la materia',118,1),(557,'Fortalecer a las instancias de las mujeres en los municipios para prevenir la violencia de género hacia las mujeres y la desigualdad entre mujeres y hombres',118,1),(558,'Impulsar mecanismos para la prevención, atención y denuncia de la violencia sexual en instituciones educativas e instancias públicas y privadas que trabajen con niñas, niños y adolescentes',118,1),(559,'Fortalecer las capacidades en el sistema educativo estatal para la atención de conductas de riesgo y prevención de violencia de género',118,1),(560,'Impulsar que las empresas apliquen medidas para prevenir y erradicar el acoso laboral, la discriminación por razones de género y cualquier otra práctica que vulnere los derechos de las mujeres',118,1),(561,'Promover la cultura de la denuncia a través de medios accesibles con especial atención en personas con discapacidad y mayahablantes',119,1),(562,'Fortalecer la participación ciudadana, así como de los medios de comunicación, para rechazar la normalización de la violencia en contra de las mujeres',119,1),(563,'Fomentar campañas permanentes en contra del acoso y violencia contra las mujeres en espacios públicos',119,1),(564,'Fortalecer la protección de los derechos de las niñas y mujeres adolescentes en especial el derecho a una vida libre de violencia',119,1),(565,'Promover el uso de las Tecnologías de la Información y la Comunicación para acercar los servicios de emergencia ante situaciones de violencia',119,1),(566,'Generar campañas dirigidas a hombres que promuevan las masculinidades no violentas y el involucramiento activo en la prevención de la violencia contra las mujeres',119,1),(567,'Promover la capacitación de los elementos de seguridad pública para que sus intervenciones en situaciones de violencia hacia las mujeres sean efectivas, apegadas a la ley y oportunas',120,1),(568,'Facilitar la accesibilidad segura de las mujeres a los centros municipales de atención a la violencia contra las mujeres, en especial en las comunidades mayas',120,1),(569,'Impulsar la capacitación del personal médico en la aplicación de las normas mexicanas dirigidas a brindar servicios de calidad y prevenir prácticas de discriminación o actos de violencia contra las mujeres',120,1),(570,'Fortalecer los órganos estatales encargados de promover los derechos humanos de las mujeres y establecer acciones para la igualdad de género',120,1),(571,'Impulsar los servicios itinerantes de primer contacto ante situaciones de violencia, especialmente en comunidades alejadas',120,1),(572,'Promover acciones multidisciplinarias para la atención integral de las causas y efectos de la violencia de género',120,1),(573,'Impulsar la capacitación de los jueces de paz de los municipios en perspectiva de género, con énfasis en la atención de casos de violencia hacia las mujeres y violencia intrafamiliar',121,1),(574,'Fortalecer la legislación estatal para que contribuya a la igualdad de oportunidades y al acceso de las mujeres a una vida libre de violencia y armonizarla con las normas generales y tratados internacionales',121,1),(575,'Fortalecer el trabajo operativo a través de protocolos que eviten la revictimización de las mujeres en el sistema de justicia',121,1),(576,'Fortalecer los servicios de defensoría de oficio con personal especializado en género y derechos humanos',121,1),(577,'Impulsar redes interinstitucionales que generen datos con desagregación estadística por sexo y edad, para la toma de decisiones públicas en favor de las mujeres, en especial en el tema de prevención, atención, sanción y combate de violencia y defensa de los derechos',122,1),(578,'Impulsar mecanismos de vinculación interinstitucional que fortalezca el banco de datos estatal sobre violencia para que sea alimentado por las instancias competentes',122,1),(579,'Evaluar y certificar los registros estadísticos e informáticos que concentran datos sobre la violencia contra las mujeres',122,1),(580,'Estimular las habilidades y conocimientos técnicos y operativos para el trabajo de las y los jóvenes en situación de vulnerabilidad',123,1),(581,'Promover acciones de autoempleo y financiamiento que proyecten el desarrollo empresarial de la población en situación de vulnerabilidad',123,1),(582,'Promover acuerdos y convenios en el sector público y grupos empresariales para la incorporación al empleo de personas en situación de vulnerabilidad, en especial de personas con discapacidad y adultas mayores',123,1),(583,'Asesorar a la población en situación de vulnerabilidad sobre los derechos de los trabajadores para garantizar su protección laboral',123,1),(584,'Fomentar acciones especiales para que la población con alguna discapacidad tenga acceso a empleo de calidad',123,1),(585,'Instrumentar medidas que combatan el trabajo infantil y permitan el disfrute a los niños de los derechos de la niñez',123,1),(586,'Fortalecer las áreas gubernamentales encargadas de garantizar los derechos de las personas con alguna discapacidad o en situación de vulnerabilidad',123,1),(587,'Facilitar el acceso y la permanencia de personas con alguna discapacidad a una educación integral y de calidad',124,1),(588,'Facilitar espacios culturales y deportivos incluyentes para el esparcimiento e interacción de los grupos en situación de vulnerabilidad',124,1),(589,'Incentivar a organizaciones que elaboren proyectos o acciones de desarrollo comunitario, de combate a las desigualdades sociales y acceso incluyente',124,1),(590,'Promover la participación de la sociedad civil en la implementación de acciones innovadoras que destacan la inclusión social al desarrollo comunitario',124,1),(591,'Promover un sistema de asistencia y apoyo para personas en situación de dependencia, con énfasis en las que presenten carencia alimentaria',124,1),(592,'Impulsar el desarrollo comunitario que permita la inclusión de los grupos en situación de vulnerabilidad en el bienestar social',124,1),(593,'Fomentar programas de apoyo para personas en situación de vulnerabilidad que faciliten el acceso a la vivienda y servicios básicos',124,1),(594,'Facilitar el acceso a la seguridad social y servicios de salud a personas con alguna discapacidad o en situación de vulnerabilidad',124,1),(595,'Fortalecer los espacios públicos para que sean accesibles y que cumplan con los estándares de calidad e inclusión para las personas con alguna discapacidad',125,1),(596,'Impulsar acciones de equipamiento en las unidades básicas de rehabilitación integral para personas con discapacidad',125,1),(597,'Fortalecer la infraestructura, equipamiento y tecnología asistiva para la población en situación de vulnerabilidad, con énfasis en las personas con alguna discapacidad',125,1),(598,'Impulsar el uso de las Tecnologías de la Información y Comunicación para la asistencia a la población en situación de vulnerabilidad y/o dependencia',125,1),(599,'Capacitar al personal de las instituciones públicas y privadas en temas de sensibilización y acompañamiento a la inclusión social de la población en situación de vulnerabilidad con énfasis en las personas con alguna discapacidad y de comunidades indígenas',125,1),(600,'Reforzar el marco normativo vigente para aplicar sanciones más estrictas en casos de discriminación y violencia contra la mujer, así como a grupos en situación de vulnerabilidad',125,1),(601,'Fortalecer las capacidades del personal de las instituciones encargadas de la atención de la violencia hacia las mujeres, niñas, niños, adolescentes y otras en situación de vulnerabilida',125,1),(602,'Impulsar mecanismos educativos de concientización, que propicien la igualdad y la no discriminación hacia los grupos en situación de vulnerabilidad',126,1),(603,'Promover una cultura de tolerancia y no discriminación en todos los niveles educativos',126,1),(604,'Promover la educación cívica y el respeto a la Ley en todas las esferas institucionales, con énfasis en la familia y escuelas',126,1),(605,'Implementar campañas de difusión de los derechos civiles, políticos, económicos, sociales, culturales y ambientales',126,1),(606,'Diseñar campañas de fomento para la inclusión social en la participación política del estado y el ejercicio pleno de los derechos',126,1),(607,'Coordinar una vinculación efectiva entre los niveles de educación media superior y la educación superior para mejorar la absorción y la pertinencia de los programas educativos',127,1),(608,'Impulsar mecanismos de difusión en línea que faciliten el conocimiento de la oferta educativa existente en el nivel superior',127,1),(609,'Proveer de Tecnologías de la Información y la Comunicación a las instituciones de educación superior para fomentar la innovación de los métodos educativos',127,1),(610,'Generar las condiciones adecuadas para que más programas educativos del nivel superior puedan ser impartidos en línea',127,1),(611,'Procurar la inversión en infraestructura física y equipamiento acorde a los requerimientos actuales de cada institución de educación superior',127,1),(612,'Promocionar a las universidades como centros de capacitación certificados para la profesionalización basada en competencias laborales de calidad',128,1),(613,'Impulsar programas de formación continua para personal de las empresas, con especial énfasis en las capacidades científicas y técnicas',128,1),(614,'Generar alianzas entre las universidades, centros de investigación, instituciones tecnológicas e iniciativa privada para la formación de capital humano de calidad acorde a la demanda del mercado laboral',128,1),(615,'Desarrollar una oferta de educación superior adaptada a la demanda de la industria 40 ',128,1),(616,'Impulsar bolsas de trabajo y seguimiento de egresados para la comunidad de estudiantes de nivel superior, a través de convenios de colaboración entre el sector privado y las instituciones de educación superior',128,1),(617,'Promover mecanismos de asesoría especializada del sector educativo hacia el sector privado, con especial énfasis en temas científicos y técnicos',128,1),(618,'Vincular la participación de las universidades en la solución de problemas locales a través de la investigación aplicada',128,1),(619,'Ampliar la cobertura de programas de fomento científico que beneficie a un mayor número de niñas, niños y jóvenes',129,1),(620,'Implementar mecanismos de divulgación de la ciencia a la población en general que generen interés por la misma',129,1),(621,'Diseñar programas de ciencias, tecnología, ingeniería y matemáticas para desarrollar las destrezas o habilidades de los estudiantes en estas disciplinas',129,1),(622,'Diseñar planes de estudio adecuados a las vocaciones regionales actuales y emergentes',130,1),(623,'Fortalecer los planes de estudio existentes para su actualización de acuerdo a las necesidades de los sectores económico, social y ambiental, y con enfoque de sostenibilidad',130,1),(624,'Diseñar mecanismos que permitan flexibilizar los procesos de terminación y titulación en los programas educativos',130,1),(625,'Establecer mecanismos para una adecuada formación, profesionalización y actualización docente en las Instituciones de educación superior a través de programas de ciencias, tecnología, ingeniería y matemáticas',130,1),(626,'Fomentar la acreditación de programas y procesos eeducativos del nivel superior con base en estándares de calidad y pertinencia',130,1),(627,'Promover canales de colaboración entre las instituciones de educación superior del estado con las instituciones del orden nacional e internacional',131,1),(628,'Fortalecer los programas de idiomas y de vinculación al extranjero',131,1),(629,'Facilitar la modernización y adaptación de las Instituciones de educación superior a las nuevas tecnologías y necesidades educativas',131,1),(630,'Establecer esquemas adecuados para orientar los programas de posgrado en el estado hacia el cumplimiento de estándares de calidad reconocidos por organismos nacionales e internacionales',131,1),(631,'Diseñar esquemas para fortalecer los programas de licenciatura a fin de contar con egresados del nivel con mejor calidad para su incorporación a estudios de posgrado',131,1),(632,'Diseñar esquemas para fortalecer la formación de recursos humanos en el extranjero, que contribuyan a elevar la calidad de la planta docente de estudios de posgrado en el estado',131,1),(633,'Diseñar esquemas para fortalecer los programas de tutorías existentes en las instituciones de educación superior a fin de garantizar su efectividad',132,1),(634,'Promover en conjunto con el sector empresarial, mecanismos que permitan a los estudiantes, insertarse en la industria desde su formación en las instituciones de educación superior',132,1),(635,'Fortalecer los programas de apoyos que contribuyan a evitar la deserción en la educación superior',132,1),(636,'Fortalecer de manera sostenible la normatividad de la gestión institucional para asegurar el funcionamiento pertinente de las instituciones de educación superior',132,1),(637,'Favorecer la incorporación de organismos independientes en la evaluación de los programas educativos',132,1),(638,'Diseñar mecanismos de capacitación y evaluación integral del desempeño docente que asegure la mejora continua',132,1),(639,'Consolidar el Sistema de Investigación, Innovación y Desarrollo Tecnológico del Estado de Yucatán (SIIDETEY)',133,1),(640,'Incentivar las actividades de investigación y desarrollo en sectores estratégicos como agrobiotecnología, energías sustentables, salud, manejo de los recursos naturales entre otros',133,1),(641,'Promover la formación de recursos humanos altamente calificados en el campo de la investigación y desarrollo tecnológico',133,1),(642,'Establecer esquemas de apoyo financiero a proyectos de investigación científica y tecnológica',133,1),(643,'Impulsar convenios de colaboración entre centros de investigación, instituciones de educación superior y empresas privadas para el desarrollo de tecnología',134,1),(644,'Diseñar mecanismos de movilidad de recursos humanos hacia las instituciones de educación superior internacionales',134,1),(645,'Estimular la participación del sector privado en las estrategias de movilidad internacional que se impulsen desde el estado, con énfasis en ciencia, tecnología , artes y humanidades',134,1),(646,'Diseñar un sistema de estancias estudiantiles en empresas para la colaboración en proyectos de investigación y desarrollo',134,1),(647,'Fortalecer los procesos de investigación y desarrollo tecnológico en los campos de artes y humanidades',134,1),(648,'Sensibilizar a la población sobre la importancia del aprovechamiento científico y tecnológico en las artes y humanidades',134,1),(649,'Impulsar el desarrollo de un clúster de innovación y desarrollo de Tecnologías de la Información y la Comunicación en el estado',134,1),(650,'Gestionar fondos para la colaboración pública y privada en la implementación de proyectos científicos y tecnológicos',135,1),(651,'Gestionar la transferencia de conocimientos y tecnología que permitan atender con mayor efectividad los problemas sociales',135,1),(652,'Promover los avances y beneficios de la ciencia y tecnología en los municipios y en todos los niveles educativos',135,1),(653,'Promover la formación de recursos humanos altamente calificados en el campo de la investigación, desarrollo científico, artes y humanidades',135,1),(654,'Impulsar la investigación enfocada al sector salud para generar tecnología y biotecnología de vanguardia',135,1),(655,'Proponer espacios para el intercambio entre ciencia, tecnología, sociedad y cultura',136,1),(656,'Implementar esquemas de financiamiento para el fortalecimiento de infraestructura tecnológica',136,1),(657,'Generar aciones que faciliten la atracción y retención de talento en sectores de alta complejidad económica',136,1),(658,'Establecer mecanismos para incrementar el número de empresas e instituciones científicas y tecnológicas en el estado',136,1),(659,'Desarrollar instrumentos de transferencia y difusión tecnológica en sectores estratégicos para el estado',136,1),(660,'Incentivar a las empresas que generen investigación y desarrollo tecnológico en sus procesos de producción de manera sustentable y sostenible',137,1),(661,'Otorgar facilidades a los investigadores e Instituciones de educación superior para gestionar y registrar sus invenciones',137,1),(662,'Impulsar esquemas de sensibilización y difusión sobre la propiedad intelectual e industrial',137,1),(663,'Generar acciones para la vinculación efectiva entre los centros de investigación, instituciones de educación superior y la industria, en torno a la generación de propiedad intelectual e industrial',137,1),(664,'Estimular la generación y el aprovechamiento de invenciones o procesos novedosos en el sector público',137,1),(665,'Consolidar el sistema de incubadoras en el estado mediante acciones de equipamiento e intercambio académico, científico y tecnológico',138,1),(666,'Fortalecer el Parque Científico y Tecnológico del estado mediante esquemas efectivos de colaboración e impulso académico',138,1),(667,'Estimular la inversión pública y privada en acciones de innovación, investigación científica y transferencia tecnológica',138,1),(668,'Reforzar la consolidación de los ecosistemas de innovación, así como también, la infraestructura científica en zonas estratégicas del estado',138,1),(669,'Fortalecer las campañas de prevención del delito de forma inclusiva y sostenible con énfasis en zonas de mayor incidencia delictiva',139,1),(670,'Instrumentar acciones de manera coordinada con todos los órdenes de gobierno en materia de prevención del delito',139,1),(671,'Diseñar sistemas de información estadística y geográfica para el mejoramiento de toma de decisiones en la prevención del delito',139,1),(672,'Establecer operativos especiales para el combate a los delitos de robo a casa habitación, fraude, extorsión y robo parcial de vehículo',139,1),(673,'Realizar acciones para la detección de portación de armas de fuego sin autorización y arma blanca',139,1),(674,'Diseñar un programa de prevención social del delito que contemple las causas y particularidades de cada región, municipio y localidad',139,1),(675,'Incentivar la participación ciudadana y de organizaciones para la prevención social del delito que genere comunidades y ciudades resilientes',139,1),(676,'Estimular la proximidad social entre las instituciones de seguridad y la ciudadanía para la detección oportuna de riesgos para su atención prioritaria',139,1),(677,'Diseñar mecanismos de seguimiento a los requerimientos en materia de prevención social del delito derivados de la participación ciudadana',139,1),(678,'Realizar actividades que fomenten la armonía comunitaria y la cohesión social en beneficio de la seguridad a nivel localidad',139,1),(679,'Impulsar acciones específicas que promuevan la cultura de la paz, eviten la violencia en todos los niveles educativos',139,1),(680,'Establecer programas integrales interinstitucionales de combate de adicciones con enfoque intercultural y de prevención del delito',139,1),(681,'Capacitar a la población para la prevención, detección y denuncia de los delitos cibernéticos',139,1),(682,'Reforzar las capacidades de los jueces de paz en el interior del estado para la aplicación de la mediación en conflictos de convivencia comunitaria',140,1),(683,'Promover la aplicación de esquemas de mediación en el ámbito escolar para la resolución de conflictos',140,1),(684,'Implementar modelos de mediación para la resolución de conflictos bajo el principio de igualdad de derechos',140,1),(685,'Impulsar la instrumentación del servicio profesional de carrera policial',141,1),(686,'Reforzar la capacitación inicial y continua de los policías estatales y municipales, así como su especialización',141,1),(687,'Capacitar a mandos medios y altos dentro de nuevos modelos estratégicos para la investigación policial y el combate a la delincuencia',141,1),(688,'Promover los programas de renivelación académica de los elementos policiales',141,1),(689,'Establecer un programa de mejoramiento de las condiciones sociales, económicas y de vida de los policías del estado',141,1),(690,'Impulsar campañas de seguridad vial y respeto a las normas de tránsito y vialidad',142,1),(691,'Reforzar los operativos de vigilancia vial y de alcoholimetría para prevenir accidentes de tránsito',142,1),(692,'Impulsar acciones para la modernización de la infraestructura de tránsito en materia de señalización y semaforización',142,1),(693,'Promover la realización de pláticas de educación vial en las escuelas y entre las organizaciones civiles',142,1),(694,'Reforzar la infraestructura, equipamiento y tecnología de las instituciones de seguridad, en beneficio de la población y visitantes del estado',143,1),(695,'Reforzar las acciones de vigilancia en la entrada y salida del estado con aprovechamiento tecnológico',143,1),(696,'Fortalecer las capacidades del sistema de videovigilancia en toda la entidad y sus carreteras con énfasis especial en zonas de mayor presencia delictiva',143,1),(697,'Reforzar el estado de fuerza policial, así como sus capacidades técnicas y habilidades con enfoque basado en derechos humanos para la atención de situaciones de auxilio a la población, especialmente en localidades y municipios de mayor incidencia delictiva',143,1),(698,'Establecer nuevos esquemas para la prevención y combate de robos a casa  habitación y comercios',143,1),(699,'Diseñar mecanismos eficientes de vigilancia policiaca en zonas de alto riesgo delictivo con especial énfasis en la protección de las mujeres y población en situación de vulnerabilidad',143,1),(700,'Implementar acciones para el uso de nuevas Tecnologías de la Información y la Comunicación en materia de prevención y seguridad pública',143,1),(701,'Establecer esquemas para la reinserción social efectiva de personas que han cometido algún tipo de delito',143,1),(702,'Modernizar los centros de reinserción social del estado para garantizar el respeto de los derechos humanos de las personas en detención',143,1),(703,'Fortalecer los mecanismos de registro vehicular para contar con un padrón que ayude a la recuperación e identificación de vehículos involucrados en conflictos con la Ley',144,1),(704,'Impulsar mecanismos para vigilar el cumplimiento de la Ley por parte de los elementos de los cuerpos de seguridad pública',144,1),(705,'Impulsar acciones de infraestructura y equipamiento en materia de procuración de justicia',145,1),(706,'Fortalecer los recursos humanos y capacidades técnicas de las instituciones de justicia, especialmente las relacionadas con las tareas de investigación y el ministerio público',145,1),(707,'Fortalecer los mecanismos alternativos de solución de controversias a través de personal calificado y con perspectiva de género',145,1),(708,'Consolidar el Sistema Acusatorio Penal y el Sistema Oral de Justicia para agilizar su ejercicio en todas las áreas de derecho en especial en materia mercantil',145,1),(709,'Diseñar mecanismos administrativos para el control de reincidencias en materia de comisión de delitos',145,1),(710,'Impulsar la simplificación de los procesos de denuncia para disminuir tiempos',146,1),(711,'Mejorar el proceso de denuncia del delito para que mantenga parámetros de calidad en servicio y atención',146,1),(712,'Impulsar el desarrollo del sistema de acceso a la información de estatus de personas en conflicto con la ley en los ministerios públicos',146,1),(713,'Aplicar tecnologías de información para agilizar los procesos de denuncia',146,1),(714,'Reforzar las capacidades de la defensoría legal en la entidad',146,1),(715,'Ampliar los servicios de asesoría gratuita en otras materias como la civil, en especial para la población en situación de vulnerabilidad',146,1),(716,'Facilitar la atención oportuna en los procesos de denuncia a mujeres víctimas de violencia doméstica o de género',146,1),(717,'Adecuar los espacios físicos para la prestación de servicios de defensoría pública',147,1),(718,'Instrumentar esquemas de capacitación en materia de procuración de justicia y defensoría legal con énfasis a grupos en situación de vulnerabilidad',147,1),(719,'Promover campañas dirigidas a la cultura de respeto y difusión de derechos humanos',147,1),(720,'Promover campañas de respeto a los valores humanos y principios de convivencia familiar',147,1),(721,'Gestionar acciones de capacitación en lengua maya en el ámbito del Sistema de Justicia Penal',147,1),(722,'Implementar acciones para profesionalización de peritos del Sistema de Justicia Penal',147,1),(723,'Actualizar las leyes en materia de procuración de justicia para hacer eficiente su aplicación y desanimar la reincidencia delictiva',148,1),(724,'Implementar acciones para el fortalecimiento de los juzgados en materia de procuración de justicia',148,1),(725,'Mejorar los mecanismos legales para la calificación e identificación de delitos del fuero común',148,1),(726,'Diseñar acciones para la reducción de la impunidad en casos de violencia familiar y de género',148,1),(727,'Promover la presencia de policías ministeriales o investigadores en los municipios, en especial los de mayor incidencia delictiva',149,1),(728,'Facilitar el acceso a los servicios de la Fiscalía y ministerios públicos a los ciudadanos del interior del estado',149,1),(729,'Fortalecer la atención a víctimas del delito y la reparación del daño a las mismas',149,1),(730,'mpulsar normas y mecanismos que agilicen las notificaciones personales, garanticen la adecuada ejecución de las sentencias y reduzcan los tiempos y costos en la tramitación de juicios',149,1),(731,'Establecer mecanismos claros para la rendición de cuentas y transparencia en los procesos de seguridad y justicia en beneficio de los derechos humanos',150,1),(732,'Implementar acciones para difusión de datos abiertos a la ciudadanía en materia de seguridad y justicia con desagregación por género',150,1),(733,'Promover campañas de difusión de la acciones implementadas  de la agenda gubernamental en materia de seguridad, justicia y gobernabilidad, así como de los resultados obtenidos',150,1),(734,'Establecer acciones que fomenten la certeza jurídica de los habitantes en especial los relacionados al derecho a la identidad, el patrimonio y aquellos que condicionen acceso a otros derechos humanos',151,1),(735,'Reforzar el derecho de propiedad de las mujeres',151,1),(736,'Impulsar la modernización y actualización de los servicios relacionados al derecho a la identidad y el patrimonio de los habitantes',151,1),(737,'Gestionar convenios con los municipios para el uso de recursos en coparticipación para  acciones que mejoren la calidad de vida de los habitantes ',152,1),(738,'Coadyuvar con los municipios en la implementación del modelo de Presupuesto basado en Resultados y del Sistema de Evaluación del Desempeño',152,1),(739,'Fortalecer la coordinación en materia de protección civil, igualdad de género, inclusión social y otros temas vinculados con los derechos económicos, sociales, culturales y ambientales con los municipios',152,1),(740,'Crear programas itinerantes que permitan a la población, especialmente la apartada geográficamente o con vulnerabilidad acceder a trámites y servicios relacionados con la seguridad, justicia y certeza jurídica',153,1),(741,'Estimular capacidades e infraestructura para la descentralización de los servicios de seguridad, justicia y certeza jurídica',153,1),(742,'Promover mecanismos de cooperación que permitan adaptar, adoptar e implementar las mejores prácticas internacionales para el logro de las metas de los Objetivos de Desarrollo Sostenible',154,1),(743,'Fortalecer los instrumentos jurídicos estatales que contemplan la cooperación internacional',154,1),(744,'Fortalecer a las instituciones estatales responsables de los asuntos nacionales e internacionales',154,1),(745,'Gestionar el acercamiento entre autoridades internacionales y el gobierno del estado para fomentar la cooperación internacional',155,1),(746,'Fomentar la inclusión de los municipios en las acciones de eventos de carácter internacional',155,1),(747,'Desarrollar sistemas y aplicaciones inclusivas para la generación, conservación y gestión de la información pública',156,1),(748,'Fortalecer las capacidades técnicas, financieras y normativas de los sistemas de información',156,1),(749,'Desarrollar una política de datos abiertos que oriente la generación, sistematización y difusión de información',156,1),(750,'Generar información pertinente, de calidad e incluyente que atienda las necesidades de los sectores público, privado, académico y social',156,1),(751,'Establecer reglas de operación y padrones de beneficiarios claros, transparentes y consensuados de los bienes y servicios públicos',156,1),(752,'Implementar catálogos que faciliten el registro, integración, consolidación y explotación de la información financiera, estadística y geográfica de la Administración Pública Estatal',156,1),(753,'Implementar esquemas que promuevan el enfoque de derechos humanos en la implementación del gobierno abierto y el acceso a la información',156,1),(754,'Desarrollar esquemas que faciliten la participación y corresponsabilidad de la ciudadanía en la vigilancia, control y evaluación del quehacer gubernamental',157,1),(755,'Consolidar las políticas de transparencia en el quehacer gubernamental con el apoyo de los sectores privado, académico y social',157,1),(756,'Implementar acciones que garanticen el derecho de acceso a la información y protección de datos personales conforme a los ordenamientos jurídicos aplicables',157,1),(757,'Implementar herramientas tecnológicas con base en estándares internacionales para llevar a cabo contrataciones abiertas y que sean aplicables en las etapas de planeación, licitación, adjudicación, contratación e implementación',157,1),(758,'Establecer incentivos para el uso y aprovechamiento de datos abiertos entre los sectores público, privado, académico y social',157,1),(759,'Establecer mecanismos de supervisión y control de los recursos públicos con la participación de la ciudadanía',158,1),(760,'Establecer mecanismos de vinculación con órganos estatales de control de otras entidades federativas para el intercambio de buenas prácticas y herramientas que faciliten la inspección o verificación de los recursos públicos',158,1),(761,'Implementar un Código de Ética que rija la conducta ética y establezca un conjunto de valores y principios que dirijan el cumplimiento de los deberes y obligaciones de todos los servidores públicos del Gobierno del Estado de Yucatán',158,1),(762,'Capacitar a los órganos de control interno asignados en las dependencias y entidades de la Administración Pública Estatal para mejorar la fiscalización de los recursos públicos',158,1),(763,'Fortalecer la normatividad para los procesos de adquisiciones y actuación de los servidores públicos que participen en los mismos',158,1),(764,'Desarrollar un sistema integral, transparente y accesible de las compras, concursos y licitaciones que realice el Gobierno del Estado',158,1),(765,'Fortalecer la realización de auditorías y la publicación de resultados conforme a la norma aplicable',158,1),(766,'Presentar las declaraciones patrimonial y de intereses de los servidores públicos de todos los niveles del Poder Ejecutivo del estado de Yucatán',158,1),(767,'Promover la cultura de la legalidad y anticorrupción entre los sectores público, privado y social',159,1),(768,'Consolidar las Dependencias, Entidades y Órganos dedicados a prevenir y sancionar la corrupción atendiendo las obligaciones y responsabilidades en la normatividad vigente',159,1),(769,'Implementar acciones que permitan identificar actos de corrupción en los trámites y servicios que presta el Gobierno del Estado a la población',159,1),(770,'Establecer mecanismos transparentes de sanción a servidores públicos que incurran en actos de corrupción',159,1),(771,'Reorientar la programación del presupuesto asegurando su alineación con la planeación del desarrollo',160,1),(772,'Promover la implementación del modelo de Presupuesto basado en Resultados y el Sistema de Evaluación del Desempeño en los municipios',160,1),(773,'Consolidar los mecanismos de diseño e implementación de los programas presupuestarios',160,1),(774,'Consolidar las capacidades institucionales para implementar el diseño basado en evidencia en los programas presupuestarios con enfoque a resultados',160,1),(775,'Fortalecer las capacidades de las y los servidores públicos dedicados a la implementación de la gestión para resultados en el desarrollo y la incorporación de enfoques transversales al ciclo de la gestión pública',160,1),(776,'Mejorar los mecanismos para la evaluación social de proyectos de preinversión, priorizando la evaluación de aquellos que sean socialmente rentables, incluyentes y sostenibles',160,1),(777,'Consolidar el Sistema de Seguimiento y Evaluación del Desempeño para la mejora de la gestión pública y la rendición de cuentas',161,1),(778,'Evaluar el desempeño de los programas y proyectos de gobierno y su impacto en la población',161,1),(779,'Presupuestar las políticas, programas y proyectos de la Administración Pública con base en el análisis de la información que resulte del seguimiento y evaluación',161,1),(780,'Establecer mecanismos de cooperación con organismos nacionales e internacionales para fortalecer la gestión pública estatal',161,1),(781,'Desarrollar acciones que mejoren la calidad de la atención de los servidores públicos a la ciudadanía',162,1),(782,'Establecer mecanismos de colaboración con organismos nacionales e internacionales que permitan incorporar mejores prácticas en materia de gobernanza y mejora regulatoria',162,1),(783,'Desarrollar estrategias de simplificación y digitalización de los trámites y servicios del estado con criterios claros y transparentes para su realización',162,1),(784,'Impulsar el Sistema Estatal de Mejora Regulatoria así como sus herramientas',162,1),(785,'Reforzar las capacidades técnicas y profesionales de los servidores públicos de una manera incluyente',162,1),(786,'Consolidar herramientas que evalúen el impacto económico y social generado por la normatividad estatal y municipal',162,1),(787,'Actualizar el marco normativo en materia de mejora regulatoria',162,1),(788,'Implementar la simplificación administrativa y reducción de cargas burocráticas',163,1),(789,'Implementar procesos de innovación y gestión del conocimiento en las dependencias y entidades',163,1),(790,'Desarrollar instrumentos de gobierno digital que impulsen la eficiencia y mejora de la Administración Pública Estatal',163,1),(791,'Documentar los procesos y procedimientos de la Administración Pública con énfasis en los que impactan directamente a la ciudadanía; así como crear metodologías para asegurar la calidad en los procesos de la administración pública',163,1),(792,'Modernizar la gestión de los bienes patrimoniales para optimizar el valor del patrimonio del Gobierno del Estado',164,1),(793,'Desarrollar procesos de gestión del patrimonio vinculados integralmente a las distintas fases de la administración de los recursos',164,1),(794,'Reforzar la gestión de los recursos humanos, garantizando la inclusión e igualdad, mediante esquemas de contratación acorde a las necesidades de las Dependencias y Entidades, y mecanismos para evaluar e incentivar el desempeño de los servidores públicos',164,1),(795,'Consolidar la base tributaria en el estado y los municipios',165,1),(796,'Impulsar mecanismos que prevengan y sancionen la evasión fiscal',165,1),(797,'Establecer mecanismos de simplificación de pago de obligaciones fiscales estatales, así como de productos, derechos y aprovechamientos, tomando como base las Tecnologías de la Información y la Comunicación',165,1),(798,'Reforzar los mecanismos de relación y colaboración fiscal entre la Federación, el Gobierno del Estado y los municipios',165,1),(799,'Establecer esquemas que permitan vincular determinados ingresos estatales hacia la ejecución de proyectos con alto impacto económico y social',165,1),(800,'Desarrollar nuevos esquemas de recaudación fiscal',165,1),(801,'Consolidar la capacidad recaudatoria de la Administración Pública Estatal para disminuir y erradicar la evasión fiscal',165,1),(802,'Promover la austeridad en el gasto corriente para favorecer el gasto en capital humano e inversión',166,1),(803,'Ordenar el sistema de pensiones de los trabajadores del Gobierno del Estado bajo los principios de sostenibilidad, viabilidad y responsabilidad financiera',166,1),(804,'Implementar programas, proyectos y acciones focalizadas que potencialicen y aprovechen la inversión de los entes públicos y privados',166,1),(805,'Administrar de forma eficiente y responsable la deuda pública',166,1),(806,'Transferir oportunamente los recursos correspondientes a las entidades, municipios y organismos del Estado de Yucatán para el cumplimiento de sus objetivos y fines',166,1),(807,'Establecer mecanismos que faciliten la integración de un presupuesto ciudadano, incluyente y que responda a las necesidades de desarrollo',166,1),(808,'Establecer herramientas y protocolos para la toma de decisiones en materia presupuestal',166,1),(809,'Supervisar que se cumplan las obligaciones de disciplina financiera',166,1),(810,'Planificar la inversión conjunta público-privada que contemple proyectos estratégicos para la economía',167,1),(811,'Optimizar el gasto en inversión pública para alcanzar las metas físicas y financieras en materia de infraestructura',167,1),(812,'Diseñar un plan para la construcción y recuperación de espacios públicos de convivencia en las ciudades y comunidades del estado',167,1),(813,'Desarrollar un programa de posicionamiento estratégico para las localidades que ofrecen espacios adecuados y atractivos',167,1),(814,'Promover la creación y adecuación de infraestructura pública con énfasis en el cumplimiento de las disposiciones en materia de inclusión',167,1),(815,'Generar parámetros e indicadores para mejorar la infraestructura de la obra pública en el estado',167,1),(816,'Estimular vínculos con la sociedad civil para el desarrollo de la obra pública sostenible',167,1),(817,'Impulsar y fortalecer el alcance de la red de drenaje y alcantarillado del estado',167,1),(818,'Impulsar la conexión con las viviendas a la red pública en materia de desalojo de residuos',167,1),(819,'Construir carreteras para las localidades más apartadas del estado',168,1),(820,'Reconstruir la carpeta asfáltica de las vialidades, priorizando aquellas que presenten un alto nivel de daño e inseguridad',168,1),(821,'Promover la modernización de la infraestructura vial en el interior del estado',168,1),(822,'Realizar trabajos de conservación en las vialidades rurales',168,1),(823,'Desarrollar circuitos carreteros  que permitan la conectividad vial de acuerdo a su actividad económica: agrícola, ganadera, turística e industrial',168,1),(824,'Impulsar esquemas innovadores de transporte público de acuerdo a las características de las ciudades',168,1),(825,'Fortalecer la red existente de transporte público y promover el diseño universal',168,1),(826,'Promover la construcción de nuevos tramos ferroviarios sostenibles',169,1),(827,'Modernizar la red ferroviaria estatal de forma conjunta y coordinada con los distintos órdenes de gobierno',169,1),(828,'Consolidar los centros logísticos multimodales para el movimiento de carga por ferrocarril',169,1),(829,'Implementar acciones de desazolve de puertos y zonas de embarcación',170,1),(830,'Promover acciones de conservación, adaptación integral y mejoramiento sostenible de la infraestructura aeroportuaria y portuaria, en coordinación con los diferentes órdenes de gobierno',170,1),(831,'Desarrollar espacios para el almacenamiento y movimiento logístico de mercancías',170,1),(832,'Consolidar la operación de medios de transporte, seguros y sostenibles',170,1),(833,'Reforzar la infraestructura de almacenamiento existente de forma equilibrada en las regiones del estado',170,1),(834,'Consolidar la infraestructura digital sostenible en las comunidades',171,1),(835,'Proporcionar internet gratuito en lugares y espacios públicos',171,1),(836,'Gestionar convenios de desarrollo con otros órdenes de gobierno para fortalecer el despliegue de la infraestructura de telecomunicaciones',171,1),(837,'Realizar estudios para determinar las zonas de mayor necesidad de acceso a las redes y servicios de telecomunicación en el estado',171,1),(838,'Instruir sobre el uso responsable del internet a través de la capacitación con enfoque de integralidad',171,1),(839,'Reforzar la calidad y el óptimo desempeño de los servicios electrónicos del gobierno',172,1),(840,'Diseñar espacios de almacenamiento, integración, intercambio y aprovechamiento de recursos digitales',172,1),(841,'Facilitar el acceso a herramientas tecnológicas que favorezcan la modernización digital',172,1),(842,'Promover la inversión para el desarrollo de infraestructura tecnológica digital sostenible',172,1),(843,'Desarrollar lineamientos que ofrezcan oportunidades de desarrollo sostenible e incluyente',173,1),(844,'Generar alianzas con las instituciones educativas de nivel superior para elaborar programas de desarrollo sostenible e incluyente',173,1),(845,'Promover el desarrollo de programas educativos integrales apoyados por las empresas e instituciones del sector de telecomunicaciones',173,1),(846,'Gestionar convenios con asociaciones civiles, industrias e instituciones que apoyen la alfabetización digital',173,1),(847,'Desarrollar acciones integrales que maximicen los esfuerzos educativos en el servicio de la red digital incluyente',173,1),(848,'Diseñar programas de ordenamiento territorial en condiciones adecuadas de seguridad física y patrimonial',174,1),(849,'Realizar intervenciones que reduzcan la vulnerabilidad y riesgo de los asentamientos humanos en las comunidades de mayor marginación',174,1),(850,'Instituir la perspectiva de género, la accesibilidad universal y la seguridad como componentes transversales de la planeación urbana',174,1),(851,'Implementar acciones en colaboración con los municipios para la delimitación territorial',174,1),(852,'Promover el crecimiento urbano vertical y la adaptación del territorio',174,1),(853,'Reforzar la vinculación con los municipios para la elaboración de proyectos que garanticen la calidad del espacio público y la inclusión de espacios verdes',175,1),(854,'Establecer observatorios de planeación y ordenamiento territorial con enfoque de sostenibilidad',175,1),(855,'Fortalecer programas institucionales en los municipios y con vinculación a las dependencias en materia de ordenamiento territorial',175,1),(856,'Gestionar la actualización del marco normativo en materia de ordenamiento territorial y desarrollo urbano para la regulación sostenible del territorio',175,1),(857,'Instruir a los municipios en materia de regulación ecológica que permita la protección, preservación, restauración y aprovechamiento de los recursos naturales',176,1),(858,'Conservar los recursos naturales locales a través de lineamientos en materia urbanística sustentable',176,1),(859,'Diseñar programas regionales y metropolitanos que propicien el desarrollo urbano de las ciudades y comunidades con base en su potencialidad de patrimonio natural y ecológico',176,1),(860,'Identificar áreas de oportunidad que propicien la generación de inversiones en energías limpias',176,1),(861,'Promover que los proyectos de infraestructura se apeguen a una planeación sostenible con rentabilidad financiera y de impacto socioeconómico',177,1),(862,'Incorporar el enfoque de sostenibilidad y desarrollo urbano sustentable en la prestación de los servicios públicos',177,1),(863,'Planificar adecuadamente el desarrollo de las zonas destinadas al progreso económico del estado en coordinación con los sectores público, privado, social y académico',177,1),(864,'Promover acciones para la sustitución del uso de leña y carbón dentro de las viviendas',177,1),(865,'Promover esquemas asequibles de financiamiento a la vivienda para los trabajadores del estado y grupos en situación de vulnerabilidad',177,1);

/*Table structure for table `objetivo` */

DROP TABLE IF EXISTS `objetivo`;

CREATE TABLE `objetivo` (
  `iIdObjetivo` int(10) NOT NULL AUTO_INCREMENT,
  `vObjetivo` varchar(200) NOT NULL,
  `iIdPoliticaPublica` int(10) NOT NULL,
  `iActivo` tinyint(1) NOT NULL DEFAULT '1' COMMENT '1:Sí, 0:No',
  PRIMARY KEY (`iIdObjetivo`),
  KEY `FK_Objetivo_PoliticaPublica` (`iIdPoliticaPublica`),
  CONSTRAINT `FK_Objetivo_PoliticaPublica` FOREIGN KEY (`iIdPoliticaPublica`) REFERENCES `politicapublica` (`iIdPoliticaPublica`)
) ENGINE=InnoDB AUTO_INCREMENT=74 DEFAULT CHARSET=utf8;

/*Data for the table `objetivo` */

insert  into `objetivo`(`iIdObjetivo`,`vObjetivo`,`iIdPoliticaPublica`,`iActivo`) values (1,'Aumentar la actividad comercial sostenible del estado',1,1),(2,'Incrementar la productividad de las empresas comerciales en el estado',1,1),(3,'Aumentar la competitividad del estado',2,1),(4,'Incrementar la inversión extranjera en el estado',2,1),(5,'Incrementar la actividad económica sostenible del sector secundario',3,1),(6,'Incrementar la productividad del sector industrial sostenible',3,1),(7,'Aumentar el valor de los productos y servicios turísticos con enfoque de sostenibilidad en Yucatán',4,1),(8,'Incrementar la afluencia de visitantes a Yucatán',4,1),(9,'Incrementar la estadía turística en Yucatán',4,1),(10,'Incrementar la calidad del empleo en Yucatán',5,1),(11,'Aumentar la productividad laboral en el estado',5,1),(12,'Aumentar la independencia económica de la población del estado de Yucatán',6,1),(13,'Mejorar la actividad económica del sector agropecuario con enfoque sostenible',7,1),(14,'Incrementar el valor de la producción del sector pecuario con enfoque de sostenibilidad',7,1),(15,'Incrementar el valor de la producción agrícola en el estado con enfoque de sostenibilidad',7,1),(16,'Incrementar el valor de la producción pesquera en el estado con enfoque de sostenibilidad',8,1),(17,'Incrementar el acceso incluyente y de calidad al Sistema Estatal de Salud',9,1),(18,'Mejorar la condición de salud de la población en el estado',9,1),(19,'Disminuir toda forma de desnutrición en la población del estado de Yucatán',10,1),(20,'Incrementar la seguridad e inocuidad alimentaria sostenible de la población del estado de Yucatán',10,1),(21,'Disminuir la pobreza y pobreza extrema en los pueblos indígenas de Yucatán',11,1),(22,'Disminuir el rezago educativo de la población del estado',12,1),(23,'Mejorar la calidad del sistema educativo estatal',12,1),(24,'Mejorar la calidad de la vivienda en Yucatán',13,1),(25,'Mejorar los servicios básicos en las viviendas del estado',13,1),(26,'Incrementar el acceso a la seguridad social con enfoque de sostenibilidad de la población yucateca',14,1),(27,'Incrementar la producción de bienes y servicios culturales',15,1),(28,'Aumentar el consumo cultural y la participación de la población en espacios y eventos culturales',15,1),(29,'Preservar las tradiciones e identidad cultural',16,1),(30,'Incrementar las creaciones artísticas',17,1),(31,'Mejorar la cobertura de la educación artística en la educación básica con un enfoque integral e incluyente',18,1),(32,'Aumentar la formación de profesionales de las artes',18,1),(33,'Preservar el patrimonio cultural del estado',19,1),(34,'Mejorar el desempeño de los deportistas yucatecos en competencias de alto rendimiento',20,1),(35,'Aumentar la activación física de la población en todas las edades, grupos sociales y regiones del estado',20,1),(36,'Aumentar la presencia de la población en eventos deportivos profesionales',20,1),(37,'Preservar los recursos naturales protegidos del estado de Yucatán',21,1),(38,'Mejorar la protección del ecosistema terrestre del estado',21,1),(39,'Disminuir la vulnerabilidad del estado ante los efectos del cambio climático',22,1),(40,'Mejorar la calidad del aire en Yucatán',22,1),(41,'Mejorar el saneamiento de aguas residuales en Yucatán',23,1),(42,'Mejorar la calidad del agua en el estado',23,1),(43,'Mejorar el manejo de los residuos en Yucatán',24,1),(44,'Reducir la generación de residuos en Yucatán',24,1),(45,'Incrementar la generación de energía no contaminante en Yucatán',25,1),(46,'Mejorar el acceso a energías limpias en el estado',25,1),(47,'Incrementar la protección del ecosistema marino del estado de Yucatán',26,1),(48,'Incrementar el acceso a sistemas de transporte seguros, asequibles y eficientes en Yucatán',27,1),(49,'Mejorar las condiciones de desplazamientos y accesibilidad en Yucatán',27,1),(50,'Reducir las brechas de género en salud',28,1),(51,'Reducir las brechas de género en educación',28,1),(52,'Incrementar la autonomía y empoderamiento de las mujeres',28,1),(53,'Reducir la incidencia de las violencias hacia las mujeres en el estado',28,1),(54,'Incrementar la igualdad de oportunidades de los grupos en situación de vulnerabilidad',29,1),(55,'Incrementar la formación de capital humano con competencias y habilidades productivas y técnicas',31,1),(56,'Mejorar la calidad de la educación superior en el estado',31,1),(57,'Incrementar el aprovechamiento del conocimiento científico y tecnológico en el estado',32,1),(58,'Fortalecer las condiciones para la innovación, ciencia y tecnología en el estado',32,1),(59,'Preservar altos niveles de paz en la entidad',33,1),(60,'Disminuir la incidencia delictiva en el estado',33,1),(61,'Mejorar el desempeño de las instituciones de procuración de justicia en el estado',34,1),(62,'Disminuir la impunidad en el estado',34,1),(63,'Mejorar la estabilidad de las instituciones y su apego al estado de derecho en Yucatán en beneficio de los derechos humanos, en especial de las personas en situación de vulnerabilidad',35,1),(64,'Aumentar la cooperación nacional e internacional de Yucatán',35,1),(65,'Mejorar la calidad, oportunidad y disponibilidad de la información para la toma de decisiones',36,1),(66,'Disminuir la incidencia de corrupción en la Administración Pública Estatal',36,1),(67,'Mejorar la calidad del gasto público con base en evidencia rigurosa',37,1),(68,'Mejorar la efectividad en la gestión pública a través de la mejora regulatoria',38,1),(69,'Mejorar la sostenibilidad de las finanzas públicas',39,1),(70,'Incrementar la inversión en obra pública sostenible y accesible',40,1),(71,'Incrementar la conectividad sostenible e incluyente en los municipios del estado',41,1),(72,'Incrementar el acceso a las redes y servicios de telecomunicaciones sostenibles e incluyentes en las ciudades y comunidades del estado',42,1),(73,'Mejorar la planeación territorial con un enfoque sostenible en el estado',43,1);

/*Table structure for table `opciontipopregunta` */

DROP TABLE IF EXISTS `opciontipopregunta`;

CREATE TABLE `opciontipopregunta` (
  `iIdOpcionTipoPregunta` int(10) unsigned NOT NULL AUTO_INCREMENT,
  `vOpcionTipoPregunta` varchar(150) NOT NULL,
  `iIdTipoPregunta` int(10) unsigned NOT NULL,
  `iActivo` tinyint(1) unsigned NOT NULL DEFAULT '1' COMMENT '1:Sí, 0:No',
  PRIMARY KEY (`iIdOpcionTipoPregunta`),
  KEY `FK_OpcionTipoPregunta_TipoPregunta` (`iIdTipoPregunta`),
  CONSTRAINT `FK_OpcionTipoPregunta_TipoPregunta` FOREIGN KEY (`iIdTipoPregunta`) REFERENCES `tipopregunta` (`iIdTipoPregunta`)
) ENGINE=InnoDB AUTO_INCREMENT=8 DEFAULT CHARSET=utf8;

/*Data for the table `opciontipopregunta` */

insert  into `opciontipopregunta`(`iIdOpcionTipoPregunta`,`vOpcionTipoPregunta`,`iIdTipoPregunta`,`iActivo`) values (1,'Sí',1,1),(2,'No',1,1),(3,'Sí. Nivel 1',2,1),(4,'Sí. Nivel 2',2,1),(5,'Sí. Nivel 3',2,1),(6,'Sí, Nivel 4',2,1),(7,'No',2,1);

/*Table structure for table `organismo` */

DROP TABLE IF EXISTS `organismo`;

CREATE TABLE `organismo` (
  `iIdOrganismo` int(10) NOT NULL AUTO_INCREMENT,
  `vOrganismo` varchar(150) NOT NULL,
  `vSiglas` varchar(50) NOT NULL DEFAULT '',
  `vNombreTitular` varchar(255) NOT NULL DEFAULT '' COMMENT 'Nombre del titular del organismo',
  `vNombreEnlace` varchar(255) NOT NULL DEFAULT '' COMMENT 'Nombre del enlace con el organismo',
  `vCorreoContacto` varchar(150) NOT NULL DEFAULT '',
  `vTelefonoContacto` varchar(50) NOT NULL DEFAULT '',
  `iIdEje` int(10) NOT NULL COMMENT 'Vinculación con los ejes del PED',
  `iActivo` tinyint(1) NOT NULL DEFAULT '1' COMMENT '1:Sí, 0:No',
  `iIdPoder` int(10) unsigned NOT NULL DEFAULT '0',
  `iIdAmbito` int(10) unsigned NOT NULL,
  PRIMARY KEY (`iIdOrganismo`),
  KEY `FK_Organismo_Eje` (`iIdEje`),
  CONSTRAINT `FK_Organismo_Eje` FOREIGN KEY (`iIdEje`) REFERENCES `eje` (`iIdEje`)
) ENGINE=InnoDB AUTO_INCREMENT=7 DEFAULT CHARSET=utf8;

/*Data for the table `organismo` */

insert  into `organismo`(`iIdOrganismo`,`vOrganismo`,`vSiglas`,`vNombreTitular`,`vNombreEnlace`,`vCorreoContacto`,`vTelefonoContacto`,`iIdEje`,`iActivo`,`iIdPoder`,`iIdAmbito`) values (1,'Secretaria Técnica de Planeación y Evaluación','SEPLAN','M. E. Rafael Hernández Kotasek','','','',1,1,0,0),(2,'Secretaría de las mujeres','SeMujeres','-','','jorge.estrella@yucatan.gob.mx','',5,1,0,0),(3,'Secretaría General de Gobierno','SGG','María Dolores Fritz Sierra','','','',9,1,0,0),(4,'Secretaría de Administración y finanzas','SAF','Olga Rosas Moya','','','',9,1,0,0),(5,'Consejería Jurídica','CJ','Lic. Mauricio Tappan Silveira','','','',8,1,0,0),(6,'Secretaría de Fomento Económico','SEFOE','N/A','','sefooe@yucatan.gob.mx','',1,1,0,0);

/*Table structure for table `permiso` */

DROP TABLE IF EXISTS `permiso`;

CREATE TABLE `permiso` (
  `iIdPermiso` int(10) unsigned NOT NULL AUTO_INCREMENT,
  `vPermiso` varchar(150) NOT NULL,
  `vIdentificador` varchar(150) NOT NULL COMMENT 'Para hacer referencia desde código y validar permisos',
  `vDescripcion` varchar(150) NOT NULL,
  `iTipo` tinyint(1) NOT NULL DEFAULT '1' COMMENT '1:Menú, 2:Acción',
  `vURL` varchar(250) NOT NULL COMMENT 'Ruta del controlador (sólo para tipo 1)',
  `vIcono` varchar(100) DEFAULT NULL COMMENT 'Icono para el menu',
  `iIdPermisoPadre` int(10) NOT NULL DEFAULT '0' COMMENT 'Sí es distinto de 0, es un submenú',
  `iOrden` int(2) NOT NULL DEFAULT '0' COMMENT 'Indica el orden en el menú',
  `iActivo` tinyint(1) unsigned NOT NULL DEFAULT '1' COMMENT '1:Sí, 0:No',
  PRIMARY KEY (`iIdPermiso`)
) ENGINE=InnoDB AUTO_INCREMENT=10 DEFAULT CHARSET=utf8;

/*Data for the table `permiso` */

insert  into `permiso`(`iIdPermiso`,`vPermiso`,`vIdentificador`,`vDescripcion`,`iTipo`,`vURL`,`vIcono`,`iIdPermisoPadre`,`iOrden`,`iActivo`) values (1,'Directorio','MOD_DIR','Directorio de usuario del sistema',1,'C_usuario/listado','fas fa-address-book',0,1,1),(2,'Integracion del PAE','MOD_PAE','Propuesta de intervenciones',1,'C_IntervencionPropuesta/mostrar_vista','fas fa-calendar-alt',0,2,1),(3,'Proceso de Evaluación','MOD_PROEVAL','',1,'#','fas fa-file-alt',0,3,1),(4,'Plantillas','MOD_PLANT','Gestión de plantilas de evaluación',1,'C_plantilla/index','',3,1,1),(5,'Evaluaciones','MOD_EVAL','Gestión de evaluaciones',1,'C_evaluacion/display',' ',3,2,1),(6,'ASM','MOD_ASM',' ',1,' ','fas fa-street-view',0,4,1),(7,'Gestión','MOD_GASM','Gestión de aspectos suceptibles de mejora',1,'C_seguridad/blank',' ',6,1,1),(8,'Captura de avances','MOD_CAVAN','Captura de avances de ASM',1,'C_seguridad/blank',' ',6,2,1),(9,'Organismos','MOD_ORG','Captura de organismos',1,'C_organismo/index','fas fa-hospital',0,0,1);

/*Table structure for table `plantilla` */

DROP TABLE IF EXISTS `plantilla`;

CREATE TABLE `plantilla` (
  `iIdPlantilla` int(10) unsigned NOT NULL AUTO_INCREMENT,
  `vPlantilla` varchar(150) NOT NULL,
  `iAnioEvaluacion` int(4) NOT NULL,
  `iIdTipoEvaluacion` int(10) unsigned NOT NULL,
  `iOrigenEvaluacion` tinyint(1) unsigned NOT NULL DEFAULT '1' COMMENT '1:Externa, 2:Interna',
  `iActivo` tinyint(1) unsigned NOT NULL DEFAULT '1' COMMENT '1:Sí, 0:No',
  PRIMARY KEY (`iIdPlantilla`),
  KEY `FK_Plantilla_TipoEvaluacion` (`iIdTipoEvaluacion`),
  CONSTRAINT `FK_Plantilla_TipoEvaluacion` FOREIGN KEY (`iIdTipoEvaluacion`) REFERENCES `tipoevaluacion` (`iIdTipoEvaluacion`)
) ENGINE=InnoDB AUTO_INCREMENT=17 DEFAULT CHARSET=utf8;

/*Data for the table `plantilla` */

insert  into `plantilla`(`iIdPlantilla`,`vPlantilla`,`iAnioEvaluacion`,`iIdTipoEvaluacion`,`iOrigenEvaluacion`,`iActivo`) values (1,'gjhg',2019,1,1,0),(2,'Evaluación de prueba',2019,1,1,1),(3,'Evaluación de prueba',2019,1,1,1),(5,'Evaluacion de prueba',2019,5,1,1),(6,'Plantilla con corresponsables',2019,1,1,1),(7,'Plantilla con corresponsables',2019,1,1,1),(8,'Plantilla con corresponsables',2019,1,1,1),(9,'Plantilla con corresponsables',2019,1,1,1),(10,'Plantilla 2019 07 23',2019,2,2,1),(11,'Plantilla 2019 07 23',2019,2,2,1),(12,'Plantilla 2019 07 23',2019,2,2,1),(13,'Plantilla 2019 07 23',2019,2,2,1),(14,'idhekdheh k hkedhek ',2019,1,2,1),(15,'Plantilla con cuestionario',2019,1,1,1),(16,'Plantilla con cuestionario',2019,1,1,1);

/*Table structure for table `poder` */

DROP TABLE IF EXISTS `poder`;

CREATE TABLE `poder` (
  `iIdPoder` int(10) unsigned NOT NULL AUTO_INCREMENT,
  `vPoder` varchar(50) NOT NULL,
  `iActivo` tinyint(1) unsigned NOT NULL DEFAULT '1',
  PRIMARY KEY (`iIdPoder`)
) ENGINE=InnoDB AUTO_INCREMENT=5 DEFAULT CHARSET=utf8;

/*Data for the table `poder` */

insert  into `poder`(`iIdPoder`,`vPoder`,`iActivo`) values (1,'Ejecutivo',1),(2,'Legislativo',1),(3,'Judicial',1),(4,'Autónomo',1);

/*Table structure for table `politicapublica` */

DROP TABLE IF EXISTS `politicapublica`;

CREATE TABLE `politicapublica` (
  `iIdPoliticaPublica` int(10) NOT NULL AUTO_INCREMENT,
  `vPoliticaPublica` varchar(100) NOT NULL,
  `iIdEje` int(10) NOT NULL,
  `iActivo` tinyint(1) NOT NULL DEFAULT '1' COMMENT '1:Sí, 0:No',
  PRIMARY KEY (`iIdPoliticaPublica`),
  KEY `FK_PoliticaPublica_Eje` (`iIdEje`),
  CONSTRAINT `FK_PoliticaPublica_Eje` FOREIGN KEY (`iIdEje`) REFERENCES `eje` (`iIdEje`)
) ENGINE=InnoDB AUTO_INCREMENT=44 DEFAULT CHARSET=utf8;

/*Data for the table `politicapublica` */

insert  into `politicapublica`(`iIdPoliticaPublica`,`vPoliticaPublica`,`iIdEje`,`iActivo`) values (-1,'N/D',-1,1),(1,'Desarrollo comercial y fortalecimiento de las empresas locales',1,1),(2,'Competitividad e inversión extranjera',1,1),(3,'Desarrollo industrial',1,1),(4,'Impulso al turismo',1,1),(5,'Capital humano generador de desarrollo y trabajo decente',1,1),(6,'Fomento empresarial y al emprendimiento',1,1),(7,'Desarrollo agropecuario',1,1),(8,'Desarrollo pesquero',1,1),(9,'Salud y bienestar',2,1),(10,'Hambre cero',2,1),(11,'Pueblos indígenas',2,1),(12,'Educación integral de calidad',2,1),(13,'Acceso a la vivienda',2,1),(14,'Seguridad social',2,1),(15,'Acceso universal a la cultura',3,1),(16,'Cultura tradicional',3,1),(17,'Bellas artes',3,1),(18,'Educación artística y cultural',3,1),(19,'Patrimonio cultural',3,1),(20,'Fomento al deporte',3,1),(21,'Conservación de recursos naturales',4,1),(22,'Acción por el clima',4,1),(23,'Agua limpia y saneamiento',4,1),(24,'Manejo integral de residuos',4,1),(25,'Energía asequible y no Contaminante',4,1),(26,'Vida submarina',4,1),(27,'Movilidad sustentable',4,1),(28,'Igualdad de género',5,1),(29,'Inclusión social y atención a grupos en situación de vulnerabilidad',5,1),(30,'Inclusión social y atención a grupos en situación de vulnerabilidad',6,1),(31,'Educación superior y enseñanza científica y técnica',7,1),(32,'Conocimiento científico, tecnológico e innovación',7,1),(33,'Paz',8,1),(34,'Justicia',8,1),(35,'Gobernabilidad',8,1),(36,'Gobierno abierto y combate a la corrupción',9,1),(37,'Gestión para Resultados en el desarrollo',9,1),(38,'Mejora regulatoria e innovación de la gestión pública',9,1),(39,'Finanzas Sanas',9,1),(40,'Inversión pública',10,1),(41,'Conectividad y transporte',10,1),(42,'Infraestructura digital',10,1),(43,'Ordenamiento territorial',10,1);

/*Table structure for table `pregunta` */

DROP TABLE IF EXISTS `pregunta`;

CREATE TABLE `pregunta` (
  `iIdPregunta` int(10) unsigned NOT NULL AUTO_INCREMENT,
  `iIdApartado` int(10) unsigned NOT NULL,
  `vPregunta` varchar(255) NOT NULL,
  `iIdTipoPregunta` int(10) unsigned NOT NULL,
  `iActivo` tinyint(1) unsigned NOT NULL DEFAULT '1' COMMENT '1:Sí, 0:No',
  PRIMARY KEY (`iIdPregunta`),
  KEY `FK_Pregunta_TipoPregunta` (`iIdTipoPregunta`),
  KEY `FK_Pregunta_Apartado` (`iIdApartado`),
  CONSTRAINT `FK_Pregunta_Apartado` FOREIGN KEY (`iIdApartado`) REFERENCES `apartado` (`iIdApartado`),
  CONSTRAINT `FK_Pregunta_TipoPregunta` FOREIGN KEY (`iIdTipoPregunta`) REFERENCES `tipopregunta` (`iIdTipoPregunta`)
) ENGINE=InnoDB AUTO_INCREMENT=729 DEFAULT CHARSET=utf8;

/*Data for the table `pregunta` */

insert  into `pregunta`(`iIdPregunta`,`iIdApartado`,`vPregunta`,`iIdTipoPregunta`,`iActivo`) values (1,1,'Con base en información solicitada a los responsables del programa, se debe se capturar en el Anexo 1 “Descripción General del Programa”, una breve descripción de la información reportada en un máximo de dos cuartillas. Dicha descripción debe considerar l',1,1),(2,2,'1.	El problema o necesidad prioritaria que busca resolver el programa está identificado en un documento que cuenta con la siguiente información: a)	El problema o necesidad se formula como un hecho negativo o como una situación que puede ser revertida iden',1,1),(3,2,'2.	¿Existe justificación teórica o empírica documentada que sustente el tipo de intervención que el programa lleva a cabo?',1,0),(4,5,'Pregunta 1',1,1),(5,5,'Pregunta 2',1,1),(6,5,'Pregunta 3',1,1),(7,6,'Pregunta 4',2,1),(8,6,'Pregunta 5',3,1),(9,7,'Pregunta 1',1,1),(10,7,'Pregunta 2',2,1),(11,8,'Pregunta 3',3,1),(12,9,'kjhkjh',1,1),(13,10,'a) Presentar, en un máximo de dos cuartillas, una breve descripción de los Programas estatales asociados al Fondo, que incluya el objetivo, los bienes y servicios que se distribuyen a través del mismo',1,1),(14,10,'b. Realizar un análisis que permita contestar las siguientes preguntas: 1. ¿El Fin y el Propósito de cada uno de los programas, están claramente definidos?',2,1),(15,10,'2. ¿El Fin y el Propósito corresponden a la solución del problema de cada uno de los programas?',2,1),(16,10,'3. Con base en los objetivos estratégicos de la Dependencia que coordina los programas asociados al fondo, ¿A qué objetivo u objetivos estratégicos están vinculados o contribuyen?',1,1),(17,10,'4. Con base en lo anterior, analizar y evaluar si existe una relación lógica de los programas asociados al fondo, con los objetivos del Plan Nacional de Desarrollo y del Plan Estatal de Desarrollo.',2,1),(18,10,'c. Evaluación y análisis de la matriz de indicadores de cada programa estatal asociado al fondo. De la lógica vertical de la matriz de indicadores de cada uno de los programas estatales asociados al fondo. 5. ¿Las Actividades del programa son suficientes ',2,1),(19,10,'6. ¿Los Componentes son necesarios y suficientes para el logro del Propósito?',2,1),(20,10,'7. ¿Es claro y lógico que el logro del Propósito contribuye al logro del Fin?',2,1),(21,10,'8. Considerando el análisis y la evaluación realizados en este punto, ¿la lógica vertical de la matriz de indicadores del programa es clara y se valida en su totalidad? Es decir, ¿la lógica interna del programa es clara?',2,1),(22,10,'9. Si no es así, proponer los cambios que deberían hacerse en el diseño del programa y en su lógica interna.',1,1),(23,10,'De la lógica horizontal de la matriz de indicadores de cada uno de los programas estatales asociados al fondo. 10. En términos de diseño, ¿existen indicadores para medir el desempeño del programa a nivel de Fin, Propósito, Componentes y Actividades e insu',2,1),(24,10,'11. ¿Todos los indicadores son claros, relevantes, económicos, adecuados y monitoreables?',2,1),(25,10,'12. De no ser el caso, la institución evaluadora, en coordinación con la Secretaría Técnica del Gabinete, Planeación y Evaluación, los responsables de la ejecución del programa, deberán proponer los indicadores faltantes y necesarios para cada ámbito de a',1,1),(26,10,'13. ¿Los indicadores incluidos en la matriz de indicadores tienen identificada su línea de base, meta y temporalidad en la medición?',2,1),(27,10,'14. ¿El programa ha identificado los medios de verificación para obtener cada uno de los indicadores?',2,1),(28,10,'15. Para aquellos medios de verificación que corresponda (por ejemplo encuestas), ¿el programa ha identificado el tamaño de muestra óptimo necesario para la medición del indicador, especificando sus características estadísticas como el nivel de significan',2,1),(29,10,'16. ¿De qué manera se valida la veracidad de la información obtenida a través de los medios de verificación?',1,1),(30,10,'17. ¿Se consideran válidos los supuestos del programa tal como figuran en la matriz de indicadores?',2,1),(31,10,'18. Considerando el análisis y evaluación realizado en este punto, ¿la lógica horizontal de la matriz de indicadores se valida en su totalidad?',2,1),(32,10,'19. Si no es así, proponer los cambios que deberían hacerse a la lógica horizontal de la matriz de indicadores (indicadores, medios de verificación y supuestos).',1,1),(33,10,'d) Población potencial y objetivo de los programas estatales asociados al fondo. 20. ¿La población que presenta el problema y/o necesidad (población potencial), así como la población objetivo están claramente definidas?',2,1),(34,10,'21. ¿El programa ha cuantificado y caracterizado ambas poblaciones, según los atributos que considere pertinentes? (En el caso de individuos, en términos de edad, sexo, nivel socio-económico -señalar quintil de ingreso si corresponde-, principales caracte',2,1),(35,10,'22. ¿Cuál es la justificación que sustenta que los beneficios que otorga el programa se dirijan específicamente a dicha población potencial y objetivo?',1,1),(36,10,'23. ¿La justificación es la adecuada?',2,1),(37,10,'24. ¿Existe información sistematizada y actualizada que permita conocer quiénes reciben los apoyos del programa (padrón de beneficiarios), cuáles son las características socio-económicas de la población incluida en el padrón de beneficiarios y con qué fre',2,1),(38,10,'e) Análisis de la vinculación y la normatividad aplicable con los objetivos de los programas estatales asociados al fondo. 25. ¿Existe congruencia entre la normatividad aplicable del programa y su lógica interna?',2,1),(39,10,'f) Posibles coincidencias, complementariedades o duplicidades de acciones con otros programas federales. 26. Como resultado de la evaluación de diseño de cada programa estatal asociado al fondo, ¿Con cuáles programas federales y estatales podría existir c',1,1),(40,10,'27. ¿Con cuáles programas federales y estatales podría existir duplicidad de acciones?',1,1),(41,10,'28. ¿Se cuenta con información en la que se hayan detectado dichas complementariedades y/o posibles duplicidades?',2,1),(42,11,'a) Los mecanismos y herramientas de planeación estratégica 29. ¿En los planes institucionales responsables de los programas estatales asociados al fondo, se establecen con claridad los resultados (objetivos estratégicos) que se busca alcanzar con cada uno',2,1),(43,11,'30. ¿Se cuenta con mecanismos para establecer y definir metas e indicadores?, ¿estos mecanismos son los adecuados? Si no es así, ¿qué modificaciones propondría?',2,1),(44,11,'31. De no ser el caso, la institución evaluadora, en coordinación con la Secretaría Técnica del Gabinete, Planeación y Evaluación y los responsables de la ejecución del programa, deberán proponer los mecanismos para establecer y definir las metas e indica',1,1),(45,11,'b) De la orientación para resultados 32. ¿Se recolecta regularmente información oportuna y veraz que permita monitorear el desempeño de cada programa asociado al fondo?',2,1),(46,11,'33. ¿Cada uno de los programas asociados al fondo, tienen metas pertinentes y plazos específicos para sus indicadores de desempeño?',2,1),(47,11,'34. ¿Los indicadores de desempeño de cada programa asociado al fondo, tienen línea base (año de referencia)?',2,1),(48,11,'35. ¿Están los requerimientos de presupuesto explícitamente ligados al cumplimiento de las metas de desempeño?',2,1),(49,12,'a) Análisis de cobertura 36. ¿Se cuenta con algún método para cuantificar y determinar la población potencial y objetivo de cada programa asociado al fondo? (Anexar Cuadro No. 1 Cobertura anual de Atención)',2,1),(50,12,'37. ¿Se ha llegado a la población que se desea atender?',2,1),(51,12,'b) Análisis de focalización 38. En caso de que se cuente con un padrón de beneficiarios, ¿existen mecanismos de actualización y depuración del padrón de beneficiarios o listado de beneficiarios?',2,1),(52,12,'39. ¿Los mecanismos de actualización son los adecuados?',2,1),(53,13,'a) Selección de beneficiarios y/o proyectos 40. ¿Existen procedimientos estandarizados y adecuados para la selección de beneficiarios?',2,1),(54,13,'41. ¿La selección de beneficiarios cumple con los criterios de elegibilidad y requisitos establecidos en la normatividad aplicable?',2,1),(55,13,'b) Ejecución 42. ¿Existe evidencia documental de que cada programa estatal asociado al fondo cumple con los procesos de ejecución establecidos en la normatividad? (avance físico-financiero, actas de entrega-recepción, cierre de ejercicio, recursos no deve',2,1),(56,13,'43. ¿Dichos procesos de ejecución funcionan de acuerdo a la normatividad?',2,1),(57,13,'c) Organización y gestión 44. ¿Los programas estatales que operan con recursos del fondo, cuentan con una estructura organizacional que les permita entregar y/o producir los Componentes y alcanzar el logro del Propósito de cada uno de ellos? El análisis d',2,1),(58,13,'45. ¿Los mecanismos de transferencias de recursos hacia las dependencias responsables de los programas asociados al fondo operan eficaz y eficientemente?',2,1),(59,13,'46. ¿Existe una colaboración y coordinación efectiva entre los programas estatales asociados al fondo y los programas federales con los cuales se relacionan, y éstos se complementan?',2,1),(60,13,'d) Administración financiera 47. ¿Existe evidencia de que las prácticas de administración financiera de cada programa estatal asociado al fondo, proporcionan información oportuna y confiable para la toma de decisiones de los responsables de la administrac',2,1),(61,13,'48. ¿Existe una integración entre los distintos sistemas de información que conforman la administración financiera?',2,1),(62,13,'e) Eficacia, eficiencia y economía operativa de los programas estatales asociados al fondo. Eficacia: 49. ¿El avance de los indicadores a nivel de Componentes de cada programa asociado al fondo, es el adecuado para el logro del propósito?',2,1),(63,13,'50. ¿Se identifica algún componente que no es producido en la actualidad y que podría mejorar la eficacia del programa?',2,1),(64,13,'51. ¿Se identifican Componentes que podrían ser prescindibles o posibles de sustituir por otros más eficaces?',2,1),(65,13,'52. ¿Existen indicadores de eficacia en la operación de cada programa asociado al fondo? Presentar un listado de estos indicadores.',2,1),(66,13,'Eficiencia: 53. ¿Se han identificado y cuantificado costos de operación y costos unitarios dependiendo del Propósito y de los Componentes de cada programa asociado al fondo? Si fuera el caso, presentar dichos costos.',2,1),(67,13,'54. ¿Se cuenta con procedimientos para medir costo-efectividad en la ejecución de cada programa asociado al fondo?',2,1),(68,13,'55. ¿Se identifica algún componente, actividad o proceso que no se esté llevando a cabo en la actualidad y que podría mejorar la eficiencia del programa?',2,1),(69,13,'56. ¿Se identifican Componentes, Actividades o Procesos que se lleven a cabo en la actualidad y que podrían ser prescindibles o posibles de sustituir por mecanismos de menor costo?',2,1),(70,13,'57. ¿Existen indicadores de eficiencia en la operación de los programas asociados al fondo? Presentar un listado de estos indicadores.',2,1),(71,13,'Economía: 58. Cuantificar el presupuesto ejercido por programa asociado al fondo, al término del presente ejercicio fiscal en relación al presupuesto asignado. ¿Cuáles son las razones de la situación que se observa?',1,1),(72,13,'59. En función de los objetivos del fondo, ¿se han aplicado instrumentos de recuperación de deuda?',2,1),(73,13,'f) Rendición de cuentas y transparencia 60. ¿Existe un Sistema de Rendición de Cuentas, y Transparencia para los funcionarios que administran los programas estatales asociados al fondo?',2,1),(74,13,'61. ¿Existen y funcionan los mecanismos de transparencia establecidos en la normatividad?',2,1),(75,13,'62. ¿Se cuenta con mecanismos para difundir interna y externamente las evaluaciones y sus resultados?, ¿Cuáles son esos mecanismos?',2,1),(76,14,'63. ¿Cuáles de los programas asociados al fondo cuentan con instrumentos que le permitan medir el grado de satisfacción de la población objetivo?',1,1),(77,14,'64. ¿Estos instrumentos son los mecanismos adecuados y permiten presentar información objetiva? Si no es así, ¿qué modificaciones propondría?',2,1),(78,14,'65. De la información que ha sido generada por estos instrumentos ¿cuál es el grado de satisfacción de la población objetivo?',1,1),(79,15,'66. ¿El programa recolecta regularmente información veraz y oportuna sobre sus indicadores de Propósito y Fin?',2,1),(80,15,'67. ¿El programa ha llevado a cabo evaluaciones externas con metodologías rigurosas que le permitan medir el impacto en la población objetivo (evaluaciones que permitan medir los avances en términos de su Propósito y Fin)?',2,1),(81,15,'68. Con base en las evaluaciones externas, ¿cuáles han sido los principales impactos del programa?',1,1),(82,15,'69. ¿El diseño y la operación del programa permiten realizar una evaluación de impacto rigurosa?',2,1),(83,15,'70. Con base en la información obtenida de los distintos instrumentos, ¿el programa ha demostrado adecuado progreso en alcanzar su Propósito y Fin? Especificar los principales resultados de cada programa asociado al fondo.',2,1),(84,16,'71. ¿El recurso ministrado se transfirió a las instancias ejecutoras en tiempo y forma?',2,1),(85,16,'72. ¿Se cuenta con una planeación estratégica previa que defina las acciones, obras, proyectos, actividades, y bienes y servicios a entregar?',2,1),(86,16,'73. ¿Cuál es el mecanismo que se utiliza para llevar a cabo la estrategia de definición anterior?',1,1),(87,16,'74. ¿Cuál es la garantía de que la distribución en obras y proyectos, bienes y servicios es consistente con el objetivo del fondo? Mostrar evidencia',1,1),(88,16,'75. ¿Cuál es el grado de cumplimiento de los objetivos planteados en la estrategia de ejecución de las acciones, obras, proyectos, actividades, y bienes y servicios asociados con cada programa asociado al fondo?',1,1),(89,16,'76. En caso de que los recursos no se apliquen en tiempo y forma, justificar el motivo o motivos por los cuales se presentan los subejercicios, y sugerir recomendaciones de mejora.',1,1),(90,16,'77. ¿Se tiene pleno conocimiento de la normatividad aplicable para efectos de proporcionar información, en términos de transparencia y rendición de cuentas?',2,1),(91,16,'78. ¿Se cumple con los ordenamientos de normatividad aplicable en materia de información de resultados y financiera, en tiempo y forma? En caso de respuesta negativa, exponer las causas.',2,1),(92,17,'1. Presentar en un máximo de dos cuartillas, una breve descripción del Fondo que incluya el objetivo, los bienes y servicios que se distribuyen a través del mismo, y las características del Área de Enfoque.',1,1),(93,18,'2. ¿El fondo recolecta regularmente información oportuna y veraz que le permita monitorear su desempeño?',2,1),(94,18,'3. ¿El fondo tiene un número limitado y suficiente de indicadores que se orienten a resultados y reflejen significativamente el cumplimiento de sus objetivos?',2,1),(95,18,'4. ¿Existen indicadores de eficiencia en la operación del fondo? Presentar un listado de estos indicadores.',2,1),(96,18,'5. ¿Existen indicadores de eficacia en la operación del fondo? Presentar un listado de estos indicadores.',2,1),(97,18,'6. Cuantificar el presupuesto ejercido del ejercicio fiscal a evaluar en relación al presupuesto asignado. ¿Cuál es la situación que se observa?',1,1),(98,18,'7. ¿Existe evidencia documental de que el fondo cumple con los procesos de ejecución establecidos en la normatividad? (avance físico-financiero, actas de entrega-recepción, cierre de ejercicio, recursos no devengados).',2,1),(99,18,'8. ¿Dichos procesos de ejecución funcionan de acuerdo a la normatividad?',2,1),(100,18,'9. ¿El fondo tiene metas pertinentes y plazos específicos para sus indicadores de desempeño?',2,1),(101,18,'10. ¿Los indicadores de desempeño del fondo tienen línea base (año de referencia)?',2,1),(102,18,'11. ¿Están los requerimientos del presupuesto explícitamente ligados al cumplimiento de las metas de desempeño del fondo?',2,1),(103,18,'12. ¿Cuáles son las fuentes de financiamiento del fondo?',1,1),(104,19,'13. ¿Existe evidencia de que el fondo utiliza prácticas de administración financiera que proporcionen información oportuna y confiable para la toma de decisiones de los responsables?',2,1),(105,19,'14. ¿Existe una integración entre los distintos sistemas de información que conforman la administración financiera?',2,1),(106,20,'15. ¿El recurso ministrado se transfirió a las instancias ejecutoras en tiempo y forma?',2,1),(107,20,'16. ¿Se cuenta con una planeación estratégica previa que defina las acciones, obras, proyectos, actividades, y bienes y servicios a entregar? ¿Qué mecanismo se utiliza?',2,1),(108,20,'17. ¿Cuál es la garantía de que la distribución en obras y proyectos, bienes y servicios es consistente con el objetivo del fondo? Mostrar evidencia.',1,1),(109,20,'18. ¿Cuál es el grado de cumplimiento de los objetivos planteados en la estrategia de ejecución de las acciones, obras, proyectos, actividades, bienes y servicios asociados con el fondo?',1,1),(110,20,'19. En caso de que los recursos no se apliquen en tiempo y forma, justificar el motivo o motivos por los cuáles se presenten subejercicios, y sugerir recomendaciones de mejora.',1,1),(111,20,'20. ¿Se cumplen con los ordenamientos de la normatividad aplicable en materia de información de resultados y financiera, en tiempo y forma? En caso de que la respuesta sea negativa, exponer las causas.',2,1),(112,21,'1. El problema o necesidad que busca resolver el programa está identificado en un documento que cuenta con la siguiente información: a) El problema o necesidad se formula como un hecho negativo o como una situación que puede ser revertida, y b) Se define ',3,1),(113,21,'2. Existe un diagnóstico del problema que atiende el programa que describa de manera específica: a) Causas, efectos y características del problema. b) Cuantificación y características de la población que presenta el problema. c) Ubicación territorial de l',3,1),(114,21,'3. ¿Existe justificación teórica o empírica documentada que sustente el tipo de intervención que el programa lleva a cabo?',3,1),(115,22,'4. El Propósito del programa está vinculado con los objetivos del programa sectorial, especial o institucional considerando que: a) Existen conceptos comunes entre el Propósito y los objetivos del programa sectorial, especial o institucional por ejemplo: ',3,1),(116,22,'5. ¿Con cuáles ejes temáticos y objetivos del Plan Estatal de Desarrollo vigente está vinculado el objetivo sectorial relacionado con el programa?',1,1),(117,23,'6. Las poblaciones, potencial y objetivo, están definidas en documentos oficiales y/o en el diagnóstico del problema y cuentan con la siguiente información y características: a) Unidad de medida. b) Están cuantificadas. c) Metodología para su cuantificaci',3,1),(118,23,'7. Existe información que permita conocer quiénes reciben los apoyos del programa (padrón de beneficiarios) que: a) Incluya las características de los beneficiarios establecidas en su documento normativo. b) Incluya el tipo de apoyo otorgado. c) Esté sist',3,1),(119,23,'8. Si el programa recolecta información socioeconómica de sus beneficios, explique el procedimiento para llevarlo a cabo, las variables que mide y la temporalidad de las mediciones.',1,1),(120,24,'9. Para cada uno de los Componentes de la MIR del programa existe una o un grupo de Actividades que: a) Están claramente especificadas, es decir, no existe ambigüedad en su redacción. b) Están ordenadas de manera cronológica. c) Son necesarias, es decir, ',3,1),(121,24,'10. Los Componentes en la MIR cumplen con las siguientes características a) Son los bienes o servicios que produce el programa. b) Están redactados como resultados logrados, por ejemplo becas entregadas. c) Son necesarios, es decir, ninguno de los Compone',3,1),(122,24,'11. El Propósito de la MIR cuenta con las siguientes características: a) Es consecuencia directa que se espera ocurrirá como resultado de los Componentes y los supuestos a ese nivel de objetivos. b) Su logro no está controlado por los responsables del pro',3,1),(123,24,'12. El Fin de la MIR cuenta con las siguientes características: a) Está claramente especificado, es decir, no existe ambigüedad en su redacción. b) Es un objetivo superior al que el programa contribuye, es decir, no se espera que la ejecución del programa',3,1),(124,24,'13. ¿En el documento normativo del programa es posible identificar el resumen narrativo de la MIR (Fin, Propósito, Componentes y Actividades)?',3,1),(125,24,'De la lógica horizontal de la Matriz de Indicadores para resultados 14. En cada uno de los niveles de objetivos de la MIR del programa (Fin, Propósito, Componentes y Actividades) existen indicadores para medir el desempeño del programa con las siguientes ',3,1),(126,24,'15. Las Fichas Técnicas de los indicadores del programa cuentan con la siguiente información: a) Nombre. b) Definición. c) Método de cálculo. d) Unidad de Medida. e) Frecuencia de Medición. f) Línea base. g) Metas. h) Comportamiento del indicador (ascende',3,1),(127,24,'16. Las metas de los indicadores de la MIR del programa tienen las siguientes características: a) Cuentan con unidad de medida. b) Están orientadas a impulsar el desempeño, es decir, no son laxas. c) Son factibles de alcanzar considerando los plazos y los',3,1),(128,24,'17. Cuántos de los indicadores incluidos en la MIR tienen especificados medios de verificación con las siguientes características: a) Oficiales o institucionales. b) Con un nombre que permita identificarlos. c) Permiten reproducir el cálculo del indicador',3,1),(129,24,'18. Considerando el conjunto Objetivo-Indicadores-Medios de verificación, es decir, cada renglón de la MIR del programa es posible identificar lo siguiente: a) Los medios de verificación son los necesarios para calcular los indicadores, es decir, ninguno ',3,1),(130,25,'19. ¿Con cuáles programas estatales y en qué aspectos el programa evaluado podría tener complementariedad y/o coincidencias?',1,1),(131,26,'20. Valoración final del Diseño del Programa',1,1),(132,27,'1. Presentar en un máximo de dos cuartillas, una breve descripción del Fondo que incluya el objetivo, los bienes y servicios que se distribuyen a través del mismo, las características de los beneficiarios, y los recursos financieros implicados en su ejecu',1,1),(133,27,'2. ¿Cuál es el problema que se intenta resolver a través de los bienes y servicios que se ofertan a través del Programa evaluado que ejerce recursos del Fondo?',1,1),(134,27,'3. ¿La justificación es la adecuada? Es decir ¿La ejecución del Programa resuelve el problema?',1,1),(135,28,'4. Completar el siguiente cuadro de texto:',1,1),(136,28,'5. Exponer y analizar, a través del siguiente cuadro, los Programas Presupuestarios que incluyen entre sus componentes bienes y servicios, cuya fuente de financiamiento es el Fondo evaluado.',1,1),(137,29,'6. Analizar y completar el Cuadro No. 3 considerando lo siguiente: La población potencial corresponde al total de la población o área de enfoque que presenta la necesidad y/o problema que justifica la existencia del Programa Presupuestario evaluado que ej',1,1),(138,29,'7. ¿La población potencial y objetivo se encuentran claramente definidas?',1,1),(139,29,'8. ¿La población atendida corresponde a los beneficiarios o área de enfoque efectivamente atendidos?',1,1),(140,30,'9. Informe sobre los resultados de la ficha técnica de indicadores PASH (Portal Aplicativo de la SHCP). Nota para el evaluador: Se debe realizar y redactar un análisis de los indicadores respecto de sus metas en el año evaluado, así como de los valores ',1,1),(141,30,'10. Cumplimiento a la Matriz de Indicadores para Resultados Nota para el evaluador: Analizar el avance de las metas asociadas a los indicadores de la Matrices del Programa Presupuestario evaluado que ejerce recursos del Fondo.',1,1),(142,31,'Nota para el evaluador: Este tema busca analizar si existe duplicidad de funciones, y si las principales actividades y procesos establecidos poseen Reglas de Operación (ROP), manual de organización o procedimientos, y/o normatividad aplicable. 11. Describ',1,1),(143,31,'12. ¿Se identifica alguna complementariedad o sinergia con algún Programa Federal o Estatal? Nota para el evaluador: En la respuesta se debe incluir el análisis que considere los siguientes aspectos del Programa evaluado que ejerce recursos del Fondo, con',1,1),(144,31,'13. Describir las Reglas de Operación asociadas al Programa y al Fondo (Máximo una cuartilla).',1,1),(145,32,'14. ¿Existe integración entre los distintos sistemas de información que conforman la administración financiera? ¿Cuáles son los sistemas?',1,1),(146,32,'15. ¿El recurso ministrado se transfirió a las instancias ejecutoras en tiempo y forma? (sustentar con número de oficio y fecha de recepción).',1,1),(147,32,'16. En caso de que los recursos no se apliquen en tiempo y forma, justificar el motivo o motivos por los cuáles se presentan los subejercicios.',1,1),(148,32,'17. ¿Se cumple con los ordenamientos de normatividad aplicable en materia de información de resultados y financiera, en tiempo y forma?',1,1),(149,33,'18. Evolución financiera del Fondo Nota para el evaluador: La instancia técnica evaluadora debe presentar un análisis de los recursos del Programa Presupuestario evaluado, así como del Fondo en su totalidad y, adicionalmente, completar los Cuadros No. 6 y',1,1),(150,34,'1. Presentar, en un máximo de dos cuartillas, una breve descripción del Fondo que incluya el objetivo, los bienes y servicios que se distribuyen a través del mismo, las características de los beneficiarios, y los recursos financieros implicados en su ejec',1,1),(151,34,'2. ¿Cuál es el problema que se intenta resolver a través de los bienes y servicios que se ofertan a través del Programa evaluado que ejerce recursos del Fondo?',1,1),(152,34,'3. ¿La justificación es la adecuada? Es decir ¿La ejecución del Programa resuelve el problema?',2,1),(153,35,'Para facilitar el posterior análisis de los procesos, estos deberán identificarse y clasificarse en un diagrama de flujo. Cabe mencionar que esta identificación deberá iniciarse una vez que la instancia técnica evaluadora haya revisado la normatividad apl',1,1),(154,36,'5. Describir detalladamente las actividades que se realizan, los componentes (bienes o servicios) que se entregan, y enlistar los actores que integran el desarrollo del(os) proceso(s).',1,1),(155,36,'6. ¿El tiempo en que se realiza el proceso es el adecuado y acorde a lo planificado con base en la normatividad aplicable?',2,1),(156,36,'7. ¿Los bienes y servicios asociados a los procesos de gestión se reciben con oportunidad por parte de los beneficiarios? (Incluir los indicadores de calidad)',2,1),(157,36,'8. ¿Los recursos financieros son suficientes para garantizar una correcta operación del proceso en tiempo y forma?',2,1),(158,36,'9. ¿Existen mecanismos de coordinación entre los actores, órdenes de gobierno o Entes Públicos involucrados en el proceso? ¿Cuáles son?',2,1),(159,36,'10. ¿Existe un documento formalizado que determine la división de tareas y competencias entre las distintas administraciones (municipal o estatal) y los entes responsables de la gestión y ejecución del Fondo?',2,1),(160,37,'11. ¿Existen diferencias significativas entre lo señalado en la normatividad y lo realizado en la práctica?, ¿A qué se deben?',2,1),(161,37,'12. ¿El proceso está documentado y es del conocimiento de todos los operadores?',2,1),(162,37,'13. ¿El personal operativo cuenta con los conocimientos y habilidades para desempeñar sus funciones de acuerdo a las necesidades del Programa?',2,1),(163,37,'14. ¿La dependencia tiene la capacidad instalada para operar los procesos desde la movilización de los insumos hasta la entrega-recepción de bienes y servicios?',2,1),(164,37,'15. ¿Se recolecta regularmente información oportuna y veraz que le permita monitorear el desempeño del programa en el ámbito de los Procesos?',2,1),(165,37,'16. ¿Se recolecta regularmente información oportuna y veraz que le permita monitorear el desempeño del Fondo en el ámbito de los bienes y servicios asociados a los Procesos?',2,1),(166,37,'17. ¿Se cuenta con metas pertinentes, plazos específicos y línea base para los indicadores de los bienes y servicios asociados a los Procesos?',2,1),(167,37,'18. ¿Los requerimientos del presupuesto están explícitamente ligados al cumplimiento de las metas de los bienes y servicios asociados a los Procesos?',2,1),(168,37,'19. ¿Los mecanismos de transferencias de recursos del Fondo, operan eficaz y eficientemente?',2,1),(169,37,'20. ¿Existe evidencia de que se llevan a cabo prácticas de administración financiera que proporcionen información oportuna y confiable para la toma de decisiones de los responsables?',2,1),(170,37,'21. ¿Existe una integración entre los distintos sistemas de información que conforman la administración financiera del Fondo?',2,1),(171,37,'22. ¿Existen indicadores de eficacia que midan los Procesos del Programa y del Fondo? Enlistarlos',2,1),(172,37,'23. ¿Existen indicadores de economía que midan los Procesos del Programa y del Fondo? Enlistarlos',2,1),(173,37,'24. ¿ Existen indicadores de eficiencia que midan los bienes y servicios asociados a los Procesos del Programa y del Fondo? Enlistarlos',2,1),(174,37,'25. ¿El Programa cuenta con mecanismos para medir la satisfacción del beneficiario de los bienes y servicios del Programa? (¿Cuáles son estos mecanismos?)',2,1),(175,37,'26. ¿Los procesos de gestión son los suficientes y necesarios para la entrega de los bienes y servicios del programa?',2,1),(176,37,'27. ¿Existe evidencia documental del cumplimiento de los procesos de ejecución establecidos en la normatividad? (avance físico-financiero, actas de entrega-recepción, cierre de ejercicio, recursos no devengados, etc).',2,1),(177,37,'28. ¿Se detectaron procesos críticos (cuellos de botella) durante el análisis de ejecución establecidos en la normatividad?',2,1),(178,37,'29. ¿Se cuenta con una planeación estratégica previa que defina las acciones, obras, proyectos, actividades, y bienes y servicios a entregar? ¿Cuál es el mecanismo que se utiliza?',2,1),(179,37,'30. ¿Cuál es el grado de cumplimiento de las metas planteados en la estrategia de ejecución de las acciones, obras, proyectos, actividades, bienes y servicios asociados con los programas derivados del Fondo?',1,1),(180,37,'31. ¿Los bienes y servicios que reciben los beneficiarios del Programa son los necesarios y suficientes para lograr el propósito?',2,1),(181,37,'32. En caso de que los recursos no se apliquen en tiempo y forma, justificar el motivo o motivos por los cuáles se presenten subejercicios.',1,1),(182,37,'33. ¿Se cumple con los ordenamientos de la normatividad aplicable en materia de rendición de cuentas y transparencia?',2,1),(183,34,'1. Presentar en un máximo de dos cuartillas, una breve descripción del Fondo que incluya el objetivo, los bienes y servicios que se distribuyen a través del mismo, las características de los beneficiarios, y los recursos financieros implicados en su ejecu',1,1),(184,34,'2. ¿Cuál es el problema que se intenta resolver a través de los bienes y servicios que se ofertan a través del Programa evaluado que ejerce recursos del Fondo?',1,1),(185,34,'3. ¿La justificación es la adecuada?',2,1),(186,11,'4. Completar el siguiente cuadro de texto:',1,1),(187,38,'5. Completar el cuadro considerando lo siguiente: La población potencial corresponde al total de la población o área de enfoque que presenta la necesidad y/o problema que justifica la existencia del Programa Presupuestario evaluado que ejerce recursos del',1,1),(188,38,'6. ¿La población potencial y objetivo se encuentran claramente definidas?',2,1),(189,38,'7. ¿La población atendida corresponde a los beneficiarios o área de enfoque efectivamente atendidos?',2,1),(190,39,'8. ¿Se identifica alguna complementariedad o sinergia con algún Programa Federal o Estatal?',2,1),(191,39,'9. ¿Con cuáles Programas Presupuestarios federales y/o estatales podría existir duplicidad? Mencionarlos',1,1),(192,39,'10. Describir las Reglas de Operación asociadas al Programa y al Fondo (Máximo una cuartilla).',1,1),(193,39,'11. ¿La selección de beneficiarios cumple con los criterios de elegibilidad establecidos en las Reglas de Operación?',2,1),(194,39,'12. ¿Existen procedimientos estandarizados y adecuados para la selección de beneficiarios?',2,1),(195,39,'13. ¿Existen mecanismos de actualización y depuración del Padrón de Beneficiarios?',2,1),(196,39,'14. Los procedimientos para recibir, registrar y dar trámite a las solicitudes de apoyo ¿cuentan con al menos tres de las siguientes características? a) Contienen las características de la población objetivo (incluye socioeconómicas); b) Existen formatos ',2,1),(197,40,'15. Completar la siguiente tabla: Tabla de Cumplimiento de la Captura del Recurso.',1,1),(198,40,'16. Informe sobre los resultados de la ficha técnica de indicadores PASH (Portal Aplicativo de la SHCP).',1,1),(199,20,'17. Eficacia y Economía. Completar la siguiente tabla:',1,1),(200,19,'18. ¿Existe una sistematización adecuada en la administración y operación del Fondo?',2,1),(201,19,'19. ¿El recurso ministrado se transfirió a las instancias ejecutoras en tiempo y forma?',2,1),(202,19,'20. ¿Se cuenta con una planeación estratégica previa que defina las acciones, obras, proyectos, actividades, y bienes y servicios a entregar?',2,1),(203,19,'21. ¿Cuál es el mecanismo que se utiliza para llevar a cabo la estrategia de definición anterior?',1,1),(204,19,'22. ¿Cuál es la garantía de que la distribución en obras y proyectos, bienes y servicios es consistente con el objetivo del Fondo? Mostrar evidencia',1,1),(205,19,'23. ¿Cuál es el grado de cumplimiento de los objetivos planteados en la estrategia de ejecución de las acciones, obras, proyectos, actividades, y bienes y servicios asociados con el fondo?',1,1),(206,19,'24. En caso de que los recursos no se apliquen en tiempo y forma, justificar el motivo o motivos por los cuáles se presentan los subejercicios, y sugerir recomendaciones de mejora.',1,1),(207,19,'25. ¿Se tiene pleno conocimiento de la normatividad aplicable para efectos de proporcionar información, en términos de transparencia y rendición de cuentas?',2,1),(208,19,'26. ¿Se cumple con los ordenamientos de normatividad aplicable en materia de información de resultados y financiera, en tiempo y forma? En caso de respuesta negativa, exponer las causas.',2,1),(209,41,'1. Presentar, en un máximo de dos cuartillas, una breve descripción del Programa que incluya el objetivo, los bienes y servicios que se distribuyen a través del mismo, las características de los beneficiarios, y los recursos financieros implicados en su e',1,1),(210,41,'2. ¿Cuál es el problema que se intenta resolver a través de los bienes y servicios que componen el Programa?',1,1),(211,41,'3. Completar el siguiente cuadro de análisis: Cuadro de Cobertura Anual del Programa',1,1),(212,11,'4. Completar el siguiente cuadro: Cuadro de Objetivos de Largo y Mediano Plazos',1,1),(213,42,'5. Indicadores a través de los cuáles se mide el desempeño del Programa. Completar el siguiente cuadro:',1,1),(214,43,'6. ¿Existe evidencia documental de que el Programa cuenta con Reglas de Operación Estatales y/o manuales de procedimientos?',2,1),(215,43,'7. ¿El padrón de beneficiarios está sistematizado?',2,1),(216,43,'8. ¿Los procesos de ejecución funcionan de acuerdo con la normatividad aplicable?',2,1),(217,43,'9. ¿Se tiene pleno conocimiento de la normatividad aplicable para efectos de proporcionar información, en términos de transparencia y rendición de cuentas? (copiar y pegar el link).',2,1),(218,43,'10. ¿Cuáles son las fuentes y montos de financiamiento del Programa?',1,1),(219,43,'11. Completar el siguiente cuadro: Cuadro de Evolución del presupuesto del Programa Presupuestario',1,1),(220,44,'12. ¿Cuál es el mecanismo y la frecuencia con la que se da seguimiento y monitoreo a los indicadores de desempeño del Programa?',1,1),(221,45,'1. El problema o necesidad prioritaria que busca resolver el programa está identificado en un documento que cuenta con la siguiente información: a) El problema o necesidad se formula como un hecho negativo o como una situación que puede ser revertida iden',3,1),(222,45,'2. ¿Existe justificación teórica o empírica documentada que sustente el tipo de intervención que el programa lleva a cabo?',3,1),(223,46,'3. El Propósito del programa está vinculado con los objetivos del programa sectorial, especial o institucional considerando que: a) Existen conceptos comunes entre el Propósito y los objetivos del programa sectorial, especial o institucional por ejemplo: ',3,1),(224,46,'4. ¿Con cuáles objetivos y estrategias del Plan Estatal de Desarrollo vigente está vinculado el objetivo sectorial, especial o institucional relacionado con el programa?',1,1),(225,46,'5. ¿El Propósito del programa está vinculado con los Objetivos del Desarrollo del Milenio a nivel subnacional o la Agenda de Desarrollo Post 2015?',1,1),(226,47,'6. Las poblaciones, potencial y objetivo, están definidas en documentos oficiales y/o en el diagnóstico del problema y cuentan con la siguiente información y características: a) Unidad de medida. b) Están cuantificadas. c) Metodología para su cuantificaci',3,1),(227,47,'7. ¿El programa cuenta con información sistematizada que permite conocer la demanda total de apoyos y las características de los solicitantes? (socioeconómica en el caso de personas físicas y específica en el caso de personas morales) ',3,1),(228,47,'8. El programa cuenta con una estrategia de cobertura documentada para atender a su población objetivo con las siguientes características: a) Incluye la definición de la población objetivo. b) Especifica metas de cobertura anual. c) Abarca un horizonte de',3,1),(229,47,'9. Los procedimientos del programa para la selección de beneficiarios y/o proyectos tienen las siguientes características: a) Incluyen criterios de elegibilidad claramente especificados, es decir, no existe ambigüedad en su redacción. b) Están estandariza',3,1),(230,47,'10. Los procedimientos para recibir, registrar y dar trámite a las solicitudes de apoyo cuentan con las siguientes características: a) Corresponden a las características de la población objetivo. b) Existen formatos definidos. c) Están disponibles para la',3,1),(231,48,'11. Existe información que permita conocer quiénes reciben los apoyos del programa (padrón de beneficiarios) que: a) Incluya las características de los beneficiarios establecidas en su documento normativo. b) Incluya el tipo de apoyo otorgado. c) Esté sis',3,1),(232,48,'12. Los procedimientos para otorgar los apoyos a los beneficiarios tienen las siguientes características: a) Están estandarizados, es decir, son utilizados por todas las instancias ejecutoras. b) Están sistematizados. c) Están difundidos públicamente. d) ',3,1),(233,48,'13. Si el programa recolecta información socioeconómica de sus beneficiarios, explique el procedimiento para llevarlo a cabo, las variables que mide y la temporalidad de las mediciones.',1,1),(234,49,'14. Para cada uno de los Componentes de la MIR del programa existe una o un grupo de Actividades que: a) Están claramente especificadas, es decir, no existe ambigüedad en su redacción. b) Están ordenadas de manera cronológica. c) Son necesarias, es decir,',3,1),(235,49,'15. Los Componentes señalados en la MIR cumplen con las siguientes características: a) Son los bienes o servicios que produce el programa. b) Están redactados como resultados logrados, por ejemplo becas entregadas. c) Son necesarios, es decir, ninguno de ',3,1),(236,49,'16. El Propósito de la MIR cuenta con las siguientes características: a) Es consecuencia directa que se espera ocurrirá como resultado de los Componentes y los supuestos a ese nivel de objetivos. b) Su logro no está controlado por los responsables del pro',3,1),(237,49,'17. El Fin de la MIR cuenta con las siguientes características: a) Está claramente especificado, es decir, no existe ambigüedad en su redacción. b) Es un objetivo superior al que el programa contribuye, es decir, no se espera que la ejecución del programa',3,1),(238,49,'18. ¿En el documento normativo del programa es posible identificar el resumen narrativo de la MIR (Fin, Propósito, Componentes y Actividades)? ',3,1),(239,49,'19. En cada uno de los niveles de objetivos de la MIR del programa (Fin, Propósito, Componentes y Actividades) existen indicadores para medir el desempeño del programa con las siguientes características: a) Claros. b) Relevantes. c) Económicos. d) Monitor',3,1),(240,49,'20. Las Fichas Técnicas de los indicadores del programa cuentan con la siguiente información: a) Nombre. b) Definición. c) Método de cálculo. d) Unidad de Medida. e) Frecuencia de Medición. f) Línea base. g) Metas. h) Comportamiento del indicador (ascende',3,1),(241,49,'21. Las metas de los indicadores de la MIR del programa tienen las siguientes características: a) Cuentan con unidad de medida. b) Están orientadas a impulsar el desempeño, es decir, no son laxas. c) Son factibles de alcanzar considerando los plazos y los',3,1),(242,49,'22. Cuántos de los indicadores incluidos en la MIR tienen especificados medios de verificación con las siguientes características: a) Oficiales o institucionales. b) Con un nombre que permita identificarlos. c) Permiten reproducir el cálculo del indicador',3,1),(243,49,'23. Considerando el conjunto Objetivo-Indicadores-Medios de verificación, es decir, cada renglón de la MIR del programa es posible identificar lo siguiente: a) Los medios de verificación son los necesarios para calcular los indicadores, es decir, ninguno ',3,1),(244,49,'24. Sugiera modificaciones en la MIR del programa o incorpore los cambios que resuelvan las deficiencias encontradas en cada uno de sus elementos a partir de sus respuestas a las preguntas de este apartado.',1,1),(245,50,'25. El programa identifica y cuantifica los gastos en los que incurre para generar los bienes y los servicios (Componentes) que ofrece y los desglosa en los siguientes conceptos: a) Gastos en operación: Se deben incluir los directos (gastos derivados de l',3,1),(246,50,'26. El programa cuenta con mecanismos de transparencia y rendición de cuentas con las siguientes características: a) Las ROP o documento normativo están disponibles en una página electrónica de manera accesible, a menos de tres clics. b) Los principales r',3,1),(247,51,'27. ¿Con cuáles programas y en qué aspectos el programa evaluado podría tener complementariedad y/o coincidencias?',1,1),(248,52,'1. Descripción General del Programa Presupuestario',1,1),(249,52,'2. ¿Cuál es el problema que se intenta resolver a través de los bienes y servicios que se ofertan a través del Programa Presupuestario? ',1,1),(250,15,'3. De los indicadores definidos en la MIR del Programa (a nivel Fin y Propósito) ¿Cuál es el grado de cumplimiento de las metas de dichos indicadores?',1,1),(251,15,'4. ¿Cuáles son las razones o factores que determinaron el grado observado en el cumplimiento de las metas?',1,1),(252,15,'5. ¿Se puede establecer que la implementación del Programa durante el ejercicio correspondiente fue efectiva?',2,1),(253,15,'6. ¿Las metas planteadas por el programa son factibles de cumplirse en los plazos establecidos en la MIR?',2,1),(254,53,'7. Durante el ejercicio sujeto de evaluación, ¿Cuál es el grado de cumplimiento de las metas fijadas en la MIR respecto de la provisión de los Componentes a los beneficiarios del Programa?',1,1),(255,53,'8. ¿Son las especificaciones de los apoyos otorgados las que requieren para obtener los resultados e impactos que se proponen el Programa?',2,1),(256,53,'9. ¿Es el ejercicio financiero, adecuado y oportuno de acuerdo a las metas planteadas por el Programa?',2,1),(257,53,'10. ¿Las metas establecidas en la MIR son congruentes con la demanda de los beneficiarios?',2,1),(258,54,'11. ¿El programa identifica de manera cualitativa y cuantitativa a la población potencial, objetivo y atendida?',2,1),(259,54,'12. ¿En qué medida el Programa está cubriendo (atendiendo con sus bienes y servicios) a la población que se propusieron atender (población objetivo)?',1,1),(260,54,'13. ¿La cobertura observada de la población objetivo permitió alcanzar la meta establecida en la MIR para el ejercicio correspondiente?',2,1),(261,54,'14. ¿La cobertura observada de la población objetivo permite avizorar que se cubrirá a toda la población objetivo al final del Programa?',2,1),(262,54,'15. ¿En qué regiones del Estado se concentró la atención del Programa?',1,1),(263,54,'16. ¿En qué estratos de la población objetivo se concentró la atención del Programa?',1,1),(264,54,'17. ¿Existe correspondencia entre la población atendida y los estratos de población objetivo considerados como prioritarios en la gestión del Programa?',2,1),(265,54,'18. Eficacia y Economía. Completar la siguiente tabla:',1,1),(266,55,'19. ¿Se conservan los apoyos otorgados por el Programa?',2,1),(267,55,'20. ¿Cuál es la tasa de sobreviviencia de los proyectos apoyados o los apoyos otorgados?',1,1),(268,55,'21. Si se aprovechan los apoyos otorgados, ¿Cuál es el grado de aprovechamiento (uso o sub-uso) de estos?',1,1),(269,55,'22. De ser el caso, ¿A qué se debe el posible no sub-uso de los apoyos por parte de los beneficiarios?',1,1),(270,56,'23. ¿Cómo se valora el trato recibido por los beneficiarios a lo largo del proceso de solicitud de los apoyos?',1,1),(271,56,'24. De acuerdo a las necesidades de los beneficiarios, ¿Fue razonable el tiempo transcurrido entre la solicitud y la entrega de los apoyos?',2,1),(272,56,'25. ¿Qué porcentaje de beneficiarios están satisfechos con el servicio que otorga el área responsable del Programa?',1,1),(273,56,'26. ¿Cuál es la razón beneficio/costo del trámite de los apoyos desde el punto de vista de los beneficiarios?',1,1),(274,56,'27. ¿Los apoyos recibidos satisfacen las especificaciones de las necesidades reales sentidas por los beneficiarios?',2,1),(275,52,'Con base en información solicitada a los responsables del programa, se debe se capturar en el Anexo 1 Descripción General del Programa, una breve descripción de la información reportada en un máximo de dos cuartillas. Dicha descripción debe considerar l',1,1),(276,45,'1. El problema o necesidad prioritaria que busca resolver el programa está identificado en un documento que cuenta con la siguiente información: a) El problema o necesidad se formula como un hecho negativo o como una situación que puede ser revertida iden',3,1),(277,45,'2. ¿Existe justificación teórica o empírica documentada que sustente el tipo de intervención que el programa lleva a cabo?',3,1),(278,46,'3. ¿Con cuáles objetivos, estrategias y líneas de acción del Plan Nacional de Desarrollo vigente está vinculado el propósito del programa?',1,1),(279,46,'4. ¿Con cuáles objetivos y estrategias del Plan Estatal de Desarrollo vigente está vinculado el objetivo sectorial, especial o institucional relacionado con el programa?',1,1),(280,46,'5. El Propósito del programa está vinculado con los objetivos del programa sectorial, especial o institucional considerando que: b) Existen conceptos comunes entre el Propósito y los objetivos del programa sectorial, especial o institucional por ejemplo: ',3,1),(281,57,'6. Las poblaciones, potencial y objetivo, están definidas en documentos oficiales y/o en el diagnóstico del problema y cuentan con la siguiente información y características: a) Unidad de medida. b) Están cuantificadas. c) Metodología para su cuantificaci',3,1),(282,57,'7.Mecanismos de elegibilidad El programa cuenta con una estrategia de cobertura documentada para atender a su población objetivo con las siguientes características: a) Incluye la definición de la población objetivo. b) Especifica metas de cobertura anual.',3,1),(283,57,'8. ¿El programa cuenta con información sistematizada que permite conocer la demanda total de apoyos y las características de los solicitantes? (socioeconómica en el caso de personas físicas y específica en el caso de personas morales)',2,1),(284,57,'9. Los procedimientos del programa para la selección de beneficiarios y/o proyectos tienen las siguientes características: a) Incluyen criterios de elegibilidad claramente especificados, es decir, no existe ambigüedad en su redacción. b) Están estandariza',3,1),(285,57,'10. Los procedimientos para recibir, registrar y dar trámite a las solicitudes de apoyo cuentan con las siguientes características: a) Corresponden a las características de la población objetivo. b) Existen formatos definidos. c) Están disponibles para la',3,1),(286,48,' 11. Existe información que permita conocer quiénes reciben los apoyos del programa (padrón de beneficiarios) que: a) Incluya las características de los beneficiarios establecidas en su documento normativo. b) Incluya el tipo de apoyo otorgado. c) Esté si',3,1),(287,48,'12. Los procedimientos para otorgar los apoyos a los beneficiarios tienen las siguientes características: a) Están estandarizados, es decir, son utilizados por todas las instancias ejecutoras. b) Están sistematizados. c) Están difundidos públicamente. d) ',3,1),(288,48,'13. Si el programa recolecta información socioeconómica de sus beneficiarios, explique el procedimiento para llevarlo a cabo, las variables que mide y la temporalidad de las mediciones.',1,1),(289,58,'14. Para cada uno de los Componentes de la MIR del programa existe una o un grupo de Actividades que: a) Están claramente especificadas, es decir, no existe ambigüedad en su redacción. b) Están ordenadas de manera cronológica. c) Son necesarias, es decir,',3,1),(290,58,'15. Los Componentes señalados en la MIR cumplen con las siguientes características: a) Son los bienes o servicios que produce el programa. b) Están redactados como resultados logrados, por ejemplo becas entregadas. c) Son necesarios, es decir, ninguno de ',3,1),(291,58,'16. El Propósito de la MIR cuenta con las siguientes características: a) Es consecuencia directa que se espera ocurrirá como resultado de los Componentes y los supuestos a ese nivel de objetivos. b) Su logro no está controlado por los responsables del pro',3,1),(292,58,'17. El Fin de la MIR cuenta con las siguientes características: a) Está claramente especificado, es decir, no existe ambigüedad en su redacción. b) Es un objetivo superior al que el programa contribuye, es decir, no se espera que la ejecución del programa',3,1),(293,58,'18. ¿En las Reglas de Operación o el documento normativo del programa es posible identificar el resumen narrativo de la MIR (Fin, Propósito, Componentes y Actividades)? ',3,1),(294,58,'19. En cada uno de los niveles de objetivos de la MIR del programa (Fin, Propósito, Componentes y Actividades) existen indicadores para medir el desempeño del programa con las siguientes características: a) Claros. b) Relevantes. c) Económicos. d) Monitor',3,1),(295,58,'20.Las Fichas Técnicas de los indicadores del programa cuentan con la siguiente información: a) Nombre. b) Definición. c) Método de cálculo. d) Unidad de Medida. e) Frecuencia de Medición. f) Línea base. g) Metas. h) Comportamiento del indicador (ascenden',3,1),(296,58,'21. Las metas de los indicadores de la MIR del programa tienen las siguientes características: a) Cuentan con unidad de medida. b) Están orientadas a impulsar el desempeño, es decir, no son laxas. c) Son factibles de alcanzar considerando los plazos y los',3,1),(297,58,'22. Cuántos de los indicadores incluidos en la MIR tienen especificados medios de verificación con las siguientes características: a) Oficiales o institucionales. b) Con un nombre que permita identificarlos. c) Permiten reproducir el cálculo del indicador',3,1),(298,58,'23. Considerando el conjunto Objetivo-Indicadores-Medios de verificación, es decir, cada renglón de la MIR del programa es posible identificar lo siguiente: a) Los medios de verificación son los necesarios para calcular los indicadores, es decir, ninguno ',3,1),(299,58,'24. Sugiera modificaciones en la MIR del programa o incorpore los cambios que resuelvan las deficiencias encontradas en cada uno de sus elementos a partir de sus respuestas a las preguntas de este apartado.',1,1),(300,59,'25. El programa cumple con las siguientes características: a) Identifica y cuantifica los gastos en los que incurre para generar los bienes y los servicios (Componentes) que ofrece. b) El registro presupuestal cumple con las normas establecidas por el Con',3,1),(301,59,'26. El programa cuenta con mecanismos de transparencia y rendición de cuentas con las siguientes características: a) Las ROP o documento normativo están disponibles en una página electrónica de manera accesible, a menos de tres clics. b) Los principales r',3,1),(302,60,'27. ¿Con cuáles programas y en qué aspectos el programa evaluado podría tener complementariedad y/o coincidencias?',1,1),(303,61,'1. Con base en la información solicitada a los responsables del programa, se debe capturar en el Anexo 1 Descripción General del Programa Presupuestario, una breve descripción de la información reportada en un máximo de dos cuartillas. Dicha descripción',1,1),(304,61,'2. ¿Cuál es el problema que se intenta resolver a través de los bienes y servicios que se ofertan a través del Programa Presupuestario?',1,1),(305,15,'3. De los indicadores definidos en la MIR del Programa (a nivel Fin y Propósito) ¿Cuál es el grado de cumplimiento de las metas de dichos indicadores?',1,1),(306,15,'4. ¿Cuáles son las razones o factores que determinaron el grado observado en el cumplimiento de las metas?',1,1),(307,15,'5. ¿Se puede establecer que la implementación del Programa durante el ejercicio correspondiente fue efectiva?',1,1),(308,15,'6. ¿Las metas planteadas por el programa son factibles de cumplirse en los plazos establecidos en la MIR?',1,1),(309,53,'7. Durante el ejercicio sujeto de evaluación, ¿Cuál es el grado de cumplimiento de las metas fijadas en la MIR respecto de la provisión de los Componentes a los beneficiarios de los Programas?',1,1),(310,53,'8. ¿Son las especificaciones de los apoyos otorgados las que requieren para obtener los resultados e impactos que se proponen los Programas?',1,1),(311,53,'9. ¿Es el ejercicio financiero, adecuado y oportuno de acuerdo a las metas planteadas por los Programas?',1,1),(312,53,'10. ¿Las metas establecidas en la MIR son congruentes con la demanda identificada por el programa?',1,1),(313,54,'11. ¿El programa identifica de manera cualitativa y cuantitativa a la población potencial, objetivo y atendida?',1,1),(314,54,'12. ¿En qué medida el Programa está cubriendo (atendiendo con sus bienes y servicios) a la población que se propusieron atender (población objetivo)?',1,1),(315,54,'13. ¿La cobertura observada de la población objetivo permitió alcanzar la meta establecida en la MIR para el ejercicio correspondiente?',1,1),(316,54,'14. ¿La cobertura observada de la población objetivo permite avizorar que se cubrirá a toda la población objetivo al final del Programa?',1,1),(317,54,'15. ¿En qué regiones del Estado se concentró la atención de los Programas?',1,1),(318,54,'16. ¿En qué estratos de la población objetivo se concentró la atención del Programa?',1,1),(319,54,'17. ¿Existe correspondencia entre la población atendida y los estratos de población objetivo considerados como prioritarios en la gestión de los Programas?',1,1),(320,54,'18. Eficacia y Economía. Completar la siguiente tabla:',1,1),(321,55,'19. ¿Se conservan los apoyos otorgados por los Programas?',1,1),(322,55,'20. ¿Cuál es la tasa de sobreviviencia de los proyectos apoyados y/o los apoyos otorgados?',1,1),(323,55,'21. Si se aprovechan los apoyos otorgados, ¿Cuál es el grado de aprovechamiento (uso o sub-uso) de estos?',1,1),(324,55,'22. De ser el caso, ¿A qué se debe el posible no sub-uso de los apoyos por parte de los beneficiarios?',1,1),(325,56,'23. ¿Cómo se valora el trato recibido por el beneficiario a lo largo del proceso de solicitud de los apoyos?',1,1),(326,56,'24. De acuerdo a las necesidades de los beneficiarios, ¿Fue razonable el tiempo transcurrido entre la solicitud y la entrega de los apoyos?',1,1),(327,56,'25. ¿Qué porcentaje de beneficiarios están satisfechos con el bien o servicio que otorga el Programa?',1,1),(328,62,'26. Del total de los Aspectos Susceptibles de Mejora (ASM) clasificados como específicos y/o institucionales de los últimos tres años, ¿qué porcentaje han sido solventados acorde con lo establecido en los documentos de opinión y de trabajo? ',1,1),(329,62,'27. ¿Con las acciones definidas en los documentos de trabajo que a la fecha se han implementado, provenientes de los Mecanismos para el seguimiento a los aspectos susceptibles de mejora de los últimos tres años, se han logrado los resultados establecidos?',1,1),(330,62,'28. ¿Qué recomendaciones de la(s) evaluación(es) externa(s) de los últimos tres años no han sido atendidas y por qué?',1,1),(331,62,'29. A partir del análisis de las evaluaciones externas realizadas al programa y de su experiencia en la temática ¿qué temas del programa considera importante evaluar mediante instancias externas? ',1,1),(332,34,'1. Descripción del Fondo',1,1),(333,34,'2. ¿Cuál es el problema que se intenta resolver a través de los bienes y servicios que se ofertan a través del fondo?',1,1),(334,11,'3. Completar el siguiente cuadro de texto:',1,1),(335,11,'4. Identificar cada uno de los Programas presupuestarios que ejercen recursos del Fondo.',1,1),(336,11,'5. ¿Cada uno de los Programas presupuestarios asociados al fondo, tienen Matrices de Indicadores de Resultado (MIR)?',2,1),(337,11,'6. Las MIR de cada programa asociado al fondo, ¿tienen indicadores para todos los niveles y estos a su vez tienen línea base, meta y plazos?',2,1),(338,63,'7. ¿Se reporta el avance físico-financiero en el Portal Aplicativo de la SHCP (PASH)?',2,1),(339,63,'8. Informe sobre los resultados de la ficha técnica de indicadores PASH.',1,1),(340,64,'9. ¿El Fondo cuenta con Reglas de Operación?',1,1),(341,64,'10. Completar la siguiente tabla de los recursos del Fondo:',1,1),(342,64,'11. Completar la siguiente tabla de los recursos de los Programas Presupuestarios:',1,1),(343,64,'12. Completar la siguiente tabla de indicadores de Eficacia y Economía.',1,1),(344,64,'13. ¿Existe una sistematización adecuada en la administración y operación del Fondo?',2,1),(345,64,'14. ¿El recurso ministrado se transfirió a las instancias ejecutoras en tiempo y forma? ',2,1),(346,64,'15. ¿Se cuenta con una planeación estratégica previa que defina las acciones, obras, proyectos, actividades, bienes y servicios a entregar con el recurso del Fondo? ',2,1),(347,64,'16. ¿Cuál es la garantía de que la distribución en obras y proyectos, bienes y servicios es consistente con el objetivo del Fondo?',1,1),(348,64,'17. ¿Los recursos se aplican en tiempo y forma?',2,1),(349,64,'18. ¿Se tiene pleno conocimiento de la normatividad aplicable para efectos de proporcionar información, en términos de trasparencia y rendición de cuentas? ',2,1),(350,64,'19. ¿Se cumple con los ordenamientos de normatividad aplicable en materia de información de resultados y financiera, en tiempo y forma? ',2,1),(351,34,'1. Presentar, en un máximo de tres cuartillas, una breve descripción del Fondo que contenga las siguientes características:',1,1),(352,11,'2. ¿El Propósito del fondo está vinculado con los objetivos de la Planeación del Desarrollo?',1,1),(353,11,'3. Los programas presupuestarios estatales que ejercen recursos del fondo, ¿Dan cumplimiento o contribuyen al logro de los objetivos del Fondo?',1,1),(354,11,'4. ¿Cada uno de los Programas Presupuestarios asociados al fondo tiene Matrices de Indicadores de Resultado (MIR), con indicadores para todos los niveles y estos a su vez tienen línea base, meta, plazos y medios de verificación?',1,1),(355,63,'5. ¿Se registra el avance físico-financiero, así como la localización de todos los proyectos de inversión financiados con los recursos del Fondo en el Sistema de Formato Único (SFU)? (Reporte de Gestión de Proyectos).',1,1),(356,63,'6. ¿Se registra el avance financiero de la totalidad del Fondo, desagregado por partida genérica en el Sistema de Formato Único (SFU) desagregada por partida genérica?',1,1),(357,63,'7. ¿Se registra la totalidad de metas y avances de los indicadores del Fondo?',1,1),(358,63,'8. Completar la siguiente tabla de indicadores de Eficacia y Economía.',1,1),(359,63,'9. ¿Se registran las evaluaciones realizadas a programas financiados con recursos del Fondo o subfondo?',1,1),(360,63,'10. ¿Qué recomendaciones de la(s) evaluación(es) externa(s) de los últimos tres años no han sido atendidas y por qué?Con base en lo anterior y referente al inicio de las evaluaciones, en la entidad se identificaron las siguientes recomendaciones por año d',1,1),(361,34,'1. Presentar, en un máximo de tres cuartillas, una breve descripción del Fondo que contenga las siguientes características:',1,1),(362,11,'2. ¿El Propósito del fondo está vinculado con los objetivos de la Planeación del Desarrollo?',1,1),(363,11,'3. ¿Los programas presupuestarios estatales que ejercen recursos del fondo, ¿Dan cumplimiento o contribuyen al logro de los objetivos del Fondo?',1,1),(364,11,'4. ¿Cada uno de los Programas Presupuestarios asociados al fondo tiene Matrices de Indicadores de Resultado (MIR), con indicadores para todos los niveles y estos a su vez tienen línea base, meta, plazos y medios de verificación?',1,1),(365,63,'5. ¿Se registra el avance físico-financiero, así como la localización de todos los proyectos de inversión financiados con los recursos del Fondo en el Sistema de Formato Único (SFU)? (Reporte de Gestión de Proyectos).',2,1),(366,63,'6. ¿Se registra el avance financiero de la totalidad del Fondo, desagregado por partida genérica en el Sistema de Formato Único (SFU) desagregada por partida genérica?',1,1),(367,63,'7. ¿Se registra la totalidad de metas y avances de los indicadores del Fondo?',1,1),(368,63,'8. Completar la siguiente tabla de indicadores de Eficacia y Economía.',1,1),(369,63,'9. ¿Se registran las evaluaciones realizadas a programas financiados con recursos del Fondo o subfondo?',1,1),(370,63,'10. ¿Qué recomendaciones de la(s) evaluación(es) externa(s) de los últimos tres años no han sido atendidas y por qué?',1,1),(371,65,'a) Presentar, en un máximo de dos cuartillas, una breve descripción de los Programas estatales asociados al Fondo, que incluya el objetivo, los bienes y servicios que se distribuyen a través del mismo',1,1),(372,65,'b. Realizar un análisis que permita contestar las siguientes preguntas: 1. ¿El Fin y el Propósito de cada uno de los programas, están claramente definidos?',2,1),(373,65,'2. ¿El Fin y el Propósito corresponden a la solución del problema de cada uno de los programas?',2,1),(374,65,'3. Con base en los objetivos estratégicos de la Dependencia que coordina los programas asociados al fondo, ¿A qué objetivo u objetivos estratégicos están vinculados o contribuyen?',1,1),(375,65,'4. Con base en lo anterior, analizar y evaluar si existe una relación lógica de los programas asociados al fondo, con los objetivos del Plan Nacional de Desarrollo y del Plan Estatal de Desarrollo.',2,1),(376,65,'c. Evaluación y análisis de la matriz de indicadores de cada programa estatal asociado al fondo. De la lógica vertical de la matriz de indicadores de cada uno de los programas estatales asociados al fondo. 5. ¿Las Actividades del programa son suficientes ',2,1),(377,65,'6. ¿Los Componentes son necesarios y suficientes para el logro del Propósito?',2,1),(378,65,'7. ¿Es claro y lógico que el logro del Propósito contribuye al logro del Fin?',2,1),(379,65,'8. Considerando el análisis y la evaluación realizados en este punto, ¿la lógica vertical de la matriz de indicadores del programa es clara y se valida en su totalidad? Es decir, ¿la lógica interna del programa es clara?',2,1),(380,65,'9. Si no es así, proponer los cambios que deberían hacerse en el diseño del programa y en su lógica interna.',1,1),(381,65,'De la lógica horizontal de la matriz de indicadores de cada uno de los programas estatales asociados al fondo. 10. En términos de diseño, ¿existen indicadores para medir el desempeño del programa a nivel de Fin, Propósito, Componentes y Actividades e insu',2,1),(382,65,'11. ¿Todos los indicadores son claros, relevantes, económicos, adecuados y monitoreables?',2,1),(383,65,'12. De no ser el caso, la institución evaluadora, en coordinación con la Secretaría Técnica del Gabinete, Planeación y Evaluación, los responsables de la ejecución del programa, deberán proponer los indicadores faltantes y necesarios para cada ámbito de a',1,1),(384,65,'13. ¿Los indicadores incluidos en la matriz de indicadores tienen identificada su línea de base, meta y temporalidad en la medición?',2,1),(385,65,'14. ¿El programa ha identificado los medios de verificación para obtener cada uno de los indicadores?',2,1),(386,65,'15. Para aquellos medios de verificación que corresponda (por ejemplo encuestas), ¿el programa ha identificado el tamaño de muestra óptimo necesario para la medición del indicador, especificando sus características estadísticas como el nivel de significan',2,1),(387,65,'16. ¿De qué manera se valida la veracidad de la información obtenida a través de los medios de verificación?',1,1),(388,65,'17. ¿Se consideran válidos los supuestos del programa tal como figuran en la matriz de indicadores?',2,1),(389,65,'18. Considerando el análisis y evaluación realizado en este punto, ¿la lógica horizontal de la matriz de indicadores se valida en su totalidad?',2,1),(390,65,'19. Si no es así, proponer los cambios que deberían hacerse a la lógica horizontal de la matriz de indicadores (indicadores, medios de verificación y supuestos).',1,1),(391,65,'d) Población potencial y objetivo de los programas estatales asociados al fondo. 20. ¿La población que presenta el problema y/o necesidad (población potencial), así como la población objetivo están claramente definidas?',2,1),(392,65,'21. ¿El programa ha cuantificado y caracterizado ambas poblaciones, según los atributos que considere pertinentes? (En el caso de individuos, en términos de edad, sexo, nivel socio-económico -señalar quintil de ingreso si corresponde-, principales caracte',2,1),(393,65,'22. ¿Cuál es la justificación que sustenta que los beneficios que otorga el programa se dirijan específicamente a dicha población potencial y objetivo?',1,1),(394,65,'23. ¿La justificación es la adecuada?',2,1),(395,65,'24. ¿Existe información sistematizada y actualizada que permita conocer quiénes reciben los apoyos del programa (padrón de beneficiarios), cuáles son las características socio-económicas de la población incluida en el padrón de beneficiarios y con qué fre',2,1),(396,65,'e) Análisis de la vinculación y la normatividad aplicable con los objetivos de los programas estatales asociados al fondo. 25. ¿Existe congruencia entre la normatividad aplicable del programa y su lógica interna?',2,1),(397,65,'f) Posibles coincidencias, complementariedades o duplicidades de acciones con otros programas federales. 26. Como resultado de la evaluación de diseño de cada programa estatal asociado al fondo, ¿Con cuáles programas federales y estatales podría existir c',1,1),(398,65,'27. ¿Con cuáles programas federales y estatales podría existir duplicidad de acciones?',1,1),(399,65,'28. ¿Se cuenta con información en la que se hayan detectado dichas complementariedades y/o posibles duplicidades?',2,1),(400,66,'a) Los mecanismos y herramientas de planeación estratégica 29. ¿En los planes institucionales responsables de los programas estatales asociados al fondo, se establecen con claridad los resultados (objetivos estratégicos) que se busca alcanzar con cada uno',2,1),(401,66,'30. ¿Se cuenta con mecanismos para establecer y definir metas e indicadores?, ¿estos mecanismos son los adecuados? Si no es así, ¿qué modificaciones propondría?',2,1),(402,66,'31. De no ser el caso, la institución evaluadora, en coordinación con la Secretaría Técnica del Gabinete, Planeación y Evaluación y los responsables de la ejecución del programa, deberán proponer los mecanismos para establecer y definir las metas e indica',1,1),(403,66,'b) De la orientación para resultados 32. ¿Se recolecta regularmente información oportuna y veraz que permita monitorear el desempeño de cada programa asociado al fondo?',2,1),(404,66,'33. ¿Cada uno de los programas asociados al fondo, tienen metas pertinentes y plazos específicos para sus indicadores de desempeño?',2,1),(405,66,'34. ¿Los indicadores de desempeño de cada programa asociado al fondo, tienen línea base (año de referencia)?',2,1),(406,66,'35. ¿Están los requerimientos de presupuesto explícitamente ligados al cumplimiento de las metas de desempeño?',2,1),(407,67,'a) Análisis de cobertura 36. ¿Se cuenta con algún método para cuantificar y determinar la población potencial y objetivo de cada programa asociado al fondo? (Anexar Cuadro No. 1 Cobertura anual de Atención)',2,1),(408,67,'37. ¿Se ha llegado a la población que se desea atender?',2,1),(409,67,'b) Análisis de focalización 38. En caso de que se cuente con un padrón de beneficiarios, ¿existen mecanismos de actualización y depuración del padrón de beneficiarios o listado de beneficiarios?',2,1),(410,67,'39. ¿Los mecanismos de actualización son los adecuados?',2,1),(411,68,'a) Selección de beneficiarios y/o proyectos 40. ¿Existen procedimientos estandarizados y adecuados para la selección de beneficiarios?',2,1),(412,68,'41. ¿La selección de beneficiarios cumple con los criterios de elegibilidad y requisitos establecidos en la normatividad aplicable?',2,1),(413,68,'b) Ejecución 42. ¿Existe evidencia documental de que cada programa estatal asociado al fondo cumple con los procesos de ejecución establecidos en la normatividad? (avance físico-financiero, actas de entrega-recepción, cierre de ejercicio, recursos no deve',2,1),(414,68,'43. ¿Dichos procesos de ejecución funcionan de acuerdo a la normatividad?',2,1),(415,68,'c) Organización y gestión 44. ¿Los programas estatales que operan con recursos del fondo, cuentan con una estructura organizacional que les permita entregar y/o producir los Componentes y alcanzar el logro del Propósito de cada uno de ellos? El análisis d',2,1),(416,68,'45. ¿Los mecanismos de transferencias de recursos hacia las dependencias responsables de los programas asociados al fondo operan eficaz y eficientemente?',2,1),(417,68,'46. ¿Existe una colaboración y coordinación efectiva entre los programas estatales asociados al fondo y los programas federales con los cuales se relacionan, y éstos se complementan?',2,1),(418,68,'d) Administración financiera 47. ¿Existe evidencia de que las prácticas de administración financiera de cada programa estatal asociado al fondo, proporcionan información oportuna y confiable para la toma de decisiones de los responsables de la administrac',2,1),(419,68,'48. ¿Existe una integración entre los distintos sistemas de información que conforman la administración financiera?',2,1),(420,68,'e) Eficacia, eficiencia y economía operativa de los programas estatales asociados al fondo. Eficacia: 49. ¿El avance de los indicadores a nivel de Componentes de cada programa asociado al fondo, es el adecuado para el logro del propósito?',2,1),(421,68,'50. ¿Se identifica algún componente que no es producido en la actualidad y que podría mejorar la eficacia del programa?',2,1),(422,68,'51. ¿Se identifican Componentes que podrían ser prescindibles o posibles de sustituir por otros más eficaces?',2,1),(423,68,'52. ¿Existen indicadores de eficacia en la operación de cada programa asociado al fondo? Presentar un listado de estos indicadores.',2,1),(424,68,'Eficiencia: 53. ¿Se han identificado y cuantificado costos de operación y costos unitarios dependiendo del Propósito y de los Componentes de cada programa asociado al fondo? Si fuera el caso, presentar dichos costos.',2,1),(425,68,'54. ¿Se cuenta con procedimientos para medir costo-efectividad en la ejecución de cada programa asociado al fondo?',2,1),(426,68,'55. ¿Se identifica algún componente, actividad o proceso que no se esté llevando a cabo en la actualidad y que podría mejorar la eficiencia del programa?',2,1),(427,68,'56. ¿Se identifican Componentes, Actividades o Procesos que se lleven a cabo en la actualidad y que podrían ser prescindibles o posibles de sustituir por mecanismos de menor costo?',2,1),(428,68,'57. ¿Existen indicadores de eficiencia en la operación de los programas asociados al fondo? Presentar un listado de estos indicadores.',2,1),(429,68,'Economía: 58. Cuantificar el presupuesto ejercido por programa asociado al fondo, al término del presente ejercicio fiscal en relación al presupuesto asignado. ¿Cuáles son las razones de la situación que se observa?',1,1),(430,68,'59. En función de los objetivos del fondo, ¿se han aplicado instrumentos de recuperación de deuda?',2,1),(431,68,'f) Rendición de cuentas y transparencia 60. ¿Existe un Sistema de Rendición de Cuentas, y Transparencia para los funcionarios que administran los programas estatales asociados al fondo?',2,1),(432,68,'61. ¿Existen y funcionan los mecanismos de transparencia establecidos en la normatividad?',2,1),(433,68,'62. ¿Se cuenta con mecanismos para difundir interna y externamente las evaluaciones y sus resultados?, ¿Cuáles son esos mecanismos?',2,1),(434,69,'63. ¿Cuáles de los programas asociados al fondo cuentan con instrumentos que le permitan medir el grado de satisfacción de la población objetivo?',1,1),(435,69,'64. ¿Estos instrumentos son los mecanismos adecuados y permiten presentar información objetiva? Si no es así, ¿qué modificaciones propondría?',2,1),(436,69,'65. De la información que ha sido generada por estos instrumentos ¿cuál es el grado de satisfacción de la población objetivo?',1,1),(437,70,'66. ¿El programa recolecta regularmente información veraz y oportuna sobre sus indicadores de Propósito y Fin?',2,1),(438,70,'67. ¿El programa ha llevado a cabo evaluaciones externas con metodologías rigurosas que le permitan medir el impacto en la población objetivo (evaluaciones que permitan medir los avances en términos de su Propósito y Fin)?',2,1),(439,70,'68. Con base en las evaluaciones externas, ¿cuáles han sido los principales impactos del programa?',1,1),(440,70,'69. ¿El diseño y la operación del programa permiten realizar una evaluación de impacto rigurosa?',2,1),(441,70,'70. Con base en la información obtenida de los distintos instrumentos, ¿el programa ha demostrado adecuado progreso en alcanzar su Propósito y Fin? Especificar los principales resultados de cada programa asociado al fondo.',2,1),(442,71,'71. ¿El recurso ministrado se transfirió a las instancias ejecutoras en tiempo y forma?',2,1),(443,71,'72. ¿Se cuenta con una planeación estratégica previa que defina las acciones, obras, proyectos, actividades, y bienes y servicios a entregar?',2,1),(444,71,'73. ¿Cuál es el mecanismo que se utiliza para llevar a cabo la estrategia de definición anterior?',1,1),(445,71,'74. ¿Cuál es la garantía de que la distribución en obras y proyectos, bienes y servicios es consistente con el objetivo del fondo? Mostrar evidencia',1,1),(446,71,'75. ¿Cuál es el grado de cumplimiento de los objetivos planteados en la estrategia de ejecución de las acciones, obras, proyectos, actividades, y bienes y servicios asociados con cada programa asociado al fondo?',1,1),(447,71,'76. En caso de que los recursos no se apliquen en tiempo y forma, justificar el motivo o motivos por los cuales se presentan los subejercicios, y sugerir recomendaciones de mejora.',1,1),(448,71,'77. ¿Se tiene pleno conocimiento de la normatividad aplicable para efectos de proporcionar información, en términos de transparencia y rendición de cuentas?',2,1),(449,71,'78. ¿Se cumple con los ordenamientos de normatividad aplicable en materia de información de resultados y financiera, en tiempo y forma? En caso de respuesta negativa, exponer las causas.',2,1),(450,72,'1. Presentar en un máximo de dos cuartillas, una breve descripción del Fondo que incluya el objetivo, los bienes y servicios que se distribuyen a través del mismo, y las características del Área de Enfoque.',1,1),(451,73,'2. ¿El fondo recolecta regularmente información oportuna y veraz que le permita monitorear su desempeño?',2,1),(452,73,'3. ¿El fondo tiene un número limitado y suficiente de indicadores que se orienten a resultados y reflejen significativamente el cumplimiento de sus objetivos?',2,1),(453,73,'4. ¿Existen indicadores de eficiencia en la operación del fondo? Presentar un listado de estos indicadores.',2,1),(454,73,'5. ¿Existen indicadores de eficacia en la operación del fondo? Presentar un listado de estos indicadores.',2,1),(455,73,'6. Cuantificar el presupuesto ejercido del ejercicio fiscal a evaluar en relación al presupuesto asignado. ¿Cuál es la situación que se observa?',1,1),(456,73,'7. ¿Existe evidencia documental de que el fondo cumple con los procesos de ejecución establecidos en la normatividad? (avance físico-financiero, actas de entrega-recepción, cierre de ejercicio, recursos no devengados).',2,1),(457,73,'8. ¿Dichos procesos de ejecución funcionan de acuerdo a la normatividad?',2,1),(458,73,'9. ¿El fondo tiene metas pertinentes y plazos específicos para sus indicadores de desempeño?',2,1),(459,73,'10. ¿Los indicadores de desempeño del fondo tienen línea base (año de referencia)?',2,1),(460,73,'11. ¿Están los requerimientos del presupuesto explícitamente ligados al cumplimiento de las metas de desempeño del fondo?',2,1),(461,73,'12. ¿Cuáles son las fuentes de financiamiento del fondo?',1,1),(462,74,'13. ¿Existe evidencia de que el fondo utiliza prácticas de administración financiera que proporcionen información oportuna y confiable para la toma de decisiones de los responsables?',2,1),(463,74,'14. ¿Existe una integración entre los distintos sistemas de información que conforman la administración financiera?',2,1),(464,75,'15. ¿El recurso ministrado se transfirió a las instancias ejecutoras en tiempo y forma?',2,1),(465,75,'16. ¿Se cuenta con una planeación estratégica previa que defina las acciones, obras, proyectos, actividades, y bienes y servicios a entregar? ¿Qué mecanismo se utiliza?',2,1),(466,75,'17. ¿Cuál es la garantía de que la distribución en obras y proyectos, bienes y servicios es consistente con el objetivo del fondo? Mostrar evidencia.',1,1),(467,75,'18. ¿Cuál es el grado de cumplimiento de los objetivos planteados en la estrategia de ejecución de las acciones, obras, proyectos, actividades, bienes y servicios asociados con el fondo?',1,1),(468,75,'19. En caso de que los recursos no se apliquen en tiempo y forma, justificar el motivo o motivos por los cuáles se presenten subejercicios, y sugerir recomendaciones de mejora.',1,1),(469,75,'20. ¿Se cumplen con los ordenamientos de la normatividad aplicable en materia de información de resultados y financiera, en tiempo y forma? En caso de que la respuesta sea negativa, exponer las causas.',2,1),(470,76,'1. El problema o necesidad que busca resolver el programa está identificado en un documento que cuenta con la siguiente información: a) El problema o necesidad se formula como un hecho negativo o como una situación que puede ser revertida, y b) Se define ',3,1),(471,76,'2. Existe un diagnóstico del problema que atiende el programa que describa de manera específica: a) Causas, efectos y características del problema. b) Cuantificación y características de la población que presenta el problema. c) Ubicación territorial de l',3,1),(472,76,'3. ¿Existe justificación teórica o empírica documentada que sustente el tipo de intervención que el programa lleva a cabo?',3,1),(473,77,'4. El Propósito del programa está vinculado con los objetivos del programa sectorial, especial o institucional considerando que: a) Existen conceptos comunes entre el Propósito y los objetivos del programa sectorial, especial o institucional por ejemplo: ',3,1),(474,77,'5. ¿Con cuáles ejes temáticos y objetivos del Plan Estatal de Desarrollo vigente está vinculado el objetivo sectorial relacionado con el programa?',1,1),(475,78,'6. Las poblaciones, potencial y objetivo, están definidas en documentos oficiales y/o en el diagnóstico del problema y cuentan con la siguiente información y características: a) Unidad de medida. b) Están cuantificadas. c) Metodología para su cuantificaci',3,1),(476,78,'7. Existe información que permita conocer quiénes reciben los apoyos del programa (padrón de beneficiarios) que: a) Incluya las características de los beneficiarios establecidas en su documento normativo. b) Incluya el tipo de apoyo otorgado. c) Esté sist',3,1),(477,78,'8. Si el programa recolecta información socioeconómica de sus beneficios, explique el procedimiento para llevarlo a cabo, las variables que mide y la temporalidad de las mediciones.',1,1),(478,79,'9. Para cada uno de los Componentes de la MIR del programa existe una o un grupo de Actividades que: a) Están claramente especificadas, es decir, no existe ambigüedad en su redacción. b) Están ordenadas de manera cronológica. c) Son necesarias, es decir, ',3,1),(479,79,'10. Los Componentes en la MIR cumplen con las siguientes características a) Son los bienes o servicios que produce el programa. b) Están redactados como resultados logrados, por ejemplo becas entregadas. c) Son necesarios, es decir, ninguno de los Compone',3,1),(480,79,'11. El Propósito de la MIR cuenta con las siguientes características: a) Es consecuencia directa que se espera ocurrirá como resultado de los Componentes y los supuestos a ese nivel de objetivos. b) Su logro no está controlado por los responsables del pro',3,1),(481,79,'12. El Fin de la MIR cuenta con las siguientes características: a) Está claramente especificado, es decir, no existe ambigüedad en su redacción. b) Es un objetivo superior al que el programa contribuye, es decir, no se espera que la ejecución del programa',3,1),(482,79,'13. ¿En el documento normativo del programa es posible identificar el resumen narrativo de la MIR (Fin, Propósito, Componentes y Actividades)?',3,1),(483,79,'De la lógica horizontal de la Matriz de Indicadores para resultados 14. En cada uno de los niveles de objetivos de la MIR del programa (Fin, Propósito, Componentes y Actividades) existen indicadores para medir el desempeño del programa con las siguientes ',3,1),(484,79,'15. Las Fichas Técnicas de los indicadores del programa cuentan con la siguiente información: a) Nombre. b) Definición. c) Método de cálculo. d) Unidad de Medida. e) Frecuencia de Medición. f) Línea base. g) Metas. h) Comportamiento del indicador (ascende',3,1),(485,79,'16. Las metas de los indicadores de la MIR del programa tienen las siguientes características: a) Cuentan con unidad de medida. b) Están orientadas a impulsar el desempeño, es decir, no son laxas. c) Son factibles de alcanzar considerando los plazos y los',3,1),(486,79,'17. Cuántos de los indicadores incluidos en la MIR tienen especificados medios de verificación con las siguientes características: a) Oficiales o institucionales. b) Con un nombre que permita identificarlos. c) Permiten reproducir el cálculo del indicador',3,1),(487,79,'18. Considerando el conjunto Objetivo-Indicadores-Medios de verificación, es decir, cada renglón de la MIR del programa es posible identificar lo siguiente: a) Los medios de verificación son los necesarios para calcular los indicadores, es decir, ninguno ',3,1),(488,80,'19. ¿Con cuáles programas estatales y en qué aspectos el programa evaluado podría tener complementariedad y/o coincidencias?',1,1),(489,81,'20. Valoración final del Diseño del Programa',1,1),(490,82,'1. Presentar en un máximo de dos cuartillas, una breve descripción del Fondo que incluya el objetivo, los bienes y servicios que se distribuyen a través del mismo, las características de los beneficiarios, y los recursos financieros implicados en su ejecu',1,1),(491,82,'2. ¿Cuál es el problema que se intenta resolver a través de los bienes y servicios que se ofertan a través del Programa evaluado que ejerce recursos del Fondo?',1,1),(492,82,'3. ¿La justificación es la adecuada? Es decir ¿La ejecución del Programa resuelve el problema?',1,1),(493,83,'4. Completar el siguiente cuadro de texto:',1,1),(494,83,'5. Exponer y analizar, a través del siguiente cuadro, los Programas Presupuestarios que incluyen entre sus componentes bienes y servicios, cuya fuente de financiamiento es el Fondo evaluado.',1,1),(495,84,'6. Analizar y completar el Cuadro No. 3 considerando lo siguiente: La población potencial corresponde al total de la población o área de enfoque que presenta la necesidad y/o problema que justifica la existencia del Programa Presupuestario evaluado que ej',1,1),(496,84,'7. ¿La población potencial y objetivo se encuentran claramente definidas?',1,1),(497,84,'8. ¿La población atendida corresponde a los beneficiarios o área de enfoque efectivamente atendidos?',1,1),(498,85,'9. Informe sobre los resultados de la ficha técnica de indicadores PASH (Portal Aplicativo de la SHCP). Nota para el evaluador: Se debe realizar y redactar un análisis de los indicadores respecto de sus metas en el año evaluado, así como de los valores ',1,1),(499,85,'10. Cumplimiento a la Matriz de Indicadores para Resultados Nota para el evaluador: Analizar el avance de las metas asociadas a los indicadores de la Matrices del Programa Presupuestario evaluado que ejerce recursos del Fondo.',1,1),(500,86,'Nota para el evaluador: Este tema busca analizar si existe duplicidad de funciones, y si las principales actividades y procesos establecidos poseen Reglas de Operación (ROP), manual de organización o procedimientos, y/o normatividad aplicable. 11. Describ',1,1),(501,86,'12. ¿Se identifica alguna complementariedad o sinergia con algún Programa Federal o Estatal? Nota para el evaluador: En la respuesta se debe incluir el análisis que considere los siguientes aspectos del Programa evaluado que ejerce recursos del Fondo, con',1,1),(502,86,'13. Describir las Reglas de Operación asociadas al Programa y al Fondo (Máximo una cuartilla).',1,1),(503,87,'14. ¿Existe integración entre los distintos sistemas de información que conforman la administración financiera? ¿Cuáles son los sistemas?',1,1),(504,87,'15. ¿El recurso ministrado se transfirió a las instancias ejecutoras en tiempo y forma? (sustentar con número de oficio y fecha de recepción).',1,1),(505,87,'16. En caso de que los recursos no se apliquen en tiempo y forma, justificar el motivo o motivos por los cuáles se presentan los subejercicios.',1,1),(506,87,'17. ¿Se cumple con los ordenamientos de normatividad aplicable en materia de información de resultados y financiera, en tiempo y forma?',1,1),(507,88,'18. Evolución financiera del Fondo Nota para el evaluador: La instancia técnica evaluadora debe presentar un análisis de los recursos del Programa Presupuestario evaluado, así como del Fondo en su totalidad y, adicionalmente, completar los Cuadros No. 6 y',1,1),(508,89,'1. Presentar, en un máximo de dos cuartillas, una breve descripción del Fondo que incluya el objetivo, los bienes y servicios que se distribuyen a través del mismo, las características de los beneficiarios, y los recursos financieros implicados en su ejec',1,1),(509,89,'2. ¿Cuál es el problema que se intenta resolver a través de los bienes y servicios que se ofertan a través del Programa evaluado que ejerce recursos del Fondo?',1,1),(510,89,'3. ¿La justificación es la adecuada? Es decir ¿La ejecución del Programa resuelve el problema?',2,1),(511,90,'Para facilitar el posterior análisis de los procesos, estos deberán identificarse y clasificarse en un diagrama de flujo. Cabe mencionar que esta identificación deberá iniciarse una vez que la instancia técnica evaluadora haya revisado la normatividad apl',1,1),(512,91,'5. Describir detalladamente las actividades que se realizan, los componentes (bienes o servicios) que se entregan, y enlistar los actores que integran el desarrollo del(os) proceso(s).',1,1),(513,91,'6. ¿El tiempo en que se realiza el proceso es el adecuado y acorde a lo planificado con base en la normatividad aplicable?',2,1),(514,91,'7. ¿Los bienes y servicios asociados a los procesos de gestión se reciben con oportunidad por parte de los beneficiarios? (Incluir los indicadores de calidad)',2,1),(515,91,'8. ¿Los recursos financieros son suficientes para garantizar una correcta operación del proceso en tiempo y forma?',2,1),(516,91,'9. ¿Existen mecanismos de coordinación entre los actores, órdenes de gobierno o Entes Públicos involucrados en el proceso? ¿Cuáles son?',2,1),(517,91,'10. ¿Existe un documento formalizado que determine la división de tareas y competencias entre las distintas administraciones (municipal o estatal) y los entes responsables de la gestión y ejecución del Fondo?',2,1),(518,92,'11. ¿Existen diferencias significativas entre lo señalado en la normatividad y lo realizado en la práctica?, ¿A qué se deben?',2,1),(519,92,'12. ¿El proceso está documentado y es del conocimiento de todos los operadores?',2,1),(520,92,'13. ¿El personal operativo cuenta con los conocimientos y habilidades para desempeñar sus funciones de acuerdo a las necesidades del Programa?',2,1),(521,92,'14. ¿La dependencia tiene la capacidad instalada para operar los procesos desde la movilización de los insumos hasta la entrega-recepción de bienes y servicios?',2,1),(522,92,'15. ¿Se recolecta regularmente información oportuna y veraz que le permita monitorear el desempeño del programa en el ámbito de los Procesos?',2,1),(523,92,'16. ¿Se recolecta regularmente información oportuna y veraz que le permita monitorear el desempeño del Fondo en el ámbito de los bienes y servicios asociados a los Procesos?',2,1),(524,92,'17. ¿Se cuenta con metas pertinentes, plazos específicos y línea base para los indicadores de los bienes y servicios asociados a los Procesos?',2,1),(525,92,'18. ¿Los requerimientos del presupuesto están explícitamente ligados al cumplimiento de las metas de los bienes y servicios asociados a los Procesos?',2,1),(526,92,'19. ¿Los mecanismos de transferencias de recursos del Fondo, operan eficaz y eficientemente?',2,1),(527,92,'20. ¿Existe evidencia de que se llevan a cabo prácticas de administración financiera que proporcionen información oportuna y confiable para la toma de decisiones de los responsables?',2,1),(528,92,'21. ¿Existe una integración entre los distintos sistemas de información que conforman la administración financiera del Fondo?',2,1),(529,92,'22. ¿Existen indicadores de eficacia que midan los Procesos del Programa y del Fondo? Enlistarlos',2,1),(530,92,'23. ¿Existen indicadores de economía que midan los Procesos del Programa y del Fondo? Enlistarlos',2,1),(531,92,'24. ¿ Existen indicadores de eficiencia que midan los bienes y servicios asociados a los Procesos del Programa y del Fondo? Enlistarlos',2,1),(532,92,'25. ¿El Programa cuenta con mecanismos para medir la satisfacción del beneficiario de los bienes y servicios del Programa? (¿Cuáles son estos mecanismos?)',2,1),(533,92,'26. ¿Los procesos de gestión son los suficientes y necesarios para la entrega de los bienes y servicios del programa?',2,1),(534,92,'27. ¿Existe evidencia documental del cumplimiento de los procesos de ejecución establecidos en la normatividad? (avance físico-financiero, actas de entrega-recepción, cierre de ejercicio, recursos no devengados, etc).',2,1),(535,92,'28. ¿Se detectaron procesos críticos (cuellos de botella) durante el análisis de ejecución establecidos en la normatividad?',2,1),(536,92,'29. ¿Se cuenta con una planeación estratégica previa que defina las acciones, obras, proyectos, actividades, y bienes y servicios a entregar? ¿Cuál es el mecanismo que se utiliza?',2,1),(537,92,'30. ¿Cuál es el grado de cumplimiento de las metas planteados en la estrategia de ejecución de las acciones, obras, proyectos, actividades, bienes y servicios asociados con los programas derivados del Fondo?',1,1),(538,92,'31. ¿Los bienes y servicios que reciben los beneficiarios del Programa son los necesarios y suficientes para lograr el propósito?',2,1),(539,92,'32. En caso de que los recursos no se apliquen en tiempo y forma, justificar el motivo o motivos por los cuáles se presenten subejercicios.',1,1),(540,92,'33. ¿Se cumple con los ordenamientos de la normatividad aplicable en materia de rendición de cuentas y transparencia?',2,1),(541,89,'1. Presentar en un máximo de dos cuartillas, una breve descripción del Fondo que incluya el objetivo, los bienes y servicios que se distribuyen a través del mismo, las características de los beneficiarios, y los recursos financieros implicados en su ejecu',1,1),(542,89,'2. ¿Cuál es el problema que se intenta resolver a través de los bienes y servicios que se ofertan a través del Programa evaluado que ejerce recursos del Fondo?',1,1),(543,89,'3. ¿La justificación es la adecuada?',2,1),(544,66,'4. Completar el siguiente cuadro de texto:',1,1),(545,93,'5. Completar el cuadro considerando lo siguiente: La población potencial corresponde al total de la población o área de enfoque que presenta la necesidad y/o problema que justifica la existencia del Programa Presupuestario evaluado que ejerce recursos del',1,1),(546,93,'6. ¿La población potencial y objetivo se encuentran claramente definidas?',2,1),(547,93,'7. ¿La población atendida corresponde a los beneficiarios o área de enfoque efectivamente atendidos?',2,1),(548,94,'8. ¿Se identifica alguna complementariedad o sinergia con algún Programa Federal o Estatal?',2,1),(549,94,'9. ¿Con cuáles Programas Presupuestarios federales y/o estatales podría existir duplicidad? Mencionarlos',1,1),(550,94,'10. Describir las Reglas de Operación asociadas al Programa y al Fondo (Máximo una cuartilla).',1,1),(551,94,'11. ¿La selección de beneficiarios cumple con los criterios de elegibilidad establecidos en las Reglas de Operación?',2,1),(552,94,'12. ¿Existen procedimientos estandarizados y adecuados para la selección de beneficiarios?',2,1),(553,94,'13. ¿Existen mecanismos de actualización y depuración del Padrón de Beneficiarios?',2,1),(554,94,'14. Los procedimientos para recibir, registrar y dar trámite a las solicitudes de apoyo ¿cuentan con al menos tres de las siguientes características? a) Contienen las características de la población objetivo (incluye socioeconómicas); b) Existen formatos ',2,1),(555,95,'15. Completar la siguiente tabla: Tabla de Cumplimiento de la Captura del Recurso.',1,1),(556,95,'16. Informe sobre los resultados de la ficha técnica de indicadores PASH (Portal Aplicativo de la SHCP).',1,1),(557,75,'17. Eficacia y Economía. Completar la siguiente tabla:',1,1),(558,74,'18. ¿Existe una sistematización adecuada en la administración y operación del Fondo?',2,1),(559,74,'19. ¿El recurso ministrado se transfirió a las instancias ejecutoras en tiempo y forma?',2,1),(560,74,'20. ¿Se cuenta con una planeación estratégica previa que defina las acciones, obras, proyectos, actividades, y bienes y servicios a entregar?',2,1),(561,74,'21. ¿Cuál es el mecanismo que se utiliza para llevar a cabo la estrategia de definición anterior?',1,1),(562,74,'22. ¿Cuál es la garantía de que la distribución en obras y proyectos, bienes y servicios es consistente con el objetivo del Fondo? Mostrar evidencia',1,1),(563,74,'23. ¿Cuál es el grado de cumplimiento de los objetivos planteados en la estrategia de ejecución de las acciones, obras, proyectos, actividades, y bienes y servicios asociados con el fondo?',1,1),(564,74,'24. En caso de que los recursos no se apliquen en tiempo y forma, justificar el motivo o motivos por los cuáles se presentan los subejercicios, y sugerir recomendaciones de mejora.',1,1),(565,74,'25. ¿Se tiene pleno conocimiento de la normatividad aplicable para efectos de proporcionar información, en términos de transparencia y rendición de cuentas?',2,1),(566,74,'26. ¿Se cumple con los ordenamientos de normatividad aplicable en materia de información de resultados y financiera, en tiempo y forma? En caso de respuesta negativa, exponer las causas.',2,1),(567,96,'1. Presentar, en un máximo de dos cuartillas, una breve descripción del Programa que incluya el objetivo, los bienes y servicios que se distribuyen a través del mismo, las características de los beneficiarios, y los recursos financieros implicados en su e',1,1),(568,96,'2. ¿Cuál es el problema que se intenta resolver a través de los bienes y servicios que componen el Programa?',1,1),(569,96,'3. Completar el siguiente cuadro de análisis: Cuadro de Cobertura Anual del Programa',1,1),(570,66,'4. Completar el siguiente cuadro: Cuadro de Objetivos de Largo y Mediano Plazos',1,1),(571,97,'5. Indicadores a través de los cuáles se mide el desempeño del Programa. Completar el siguiente cuadro:',1,1),(572,98,'6. ¿Existe evidencia documental de que el Programa cuenta con Reglas de Operación Estatales y/o manuales de procedimientos?',2,1),(573,98,'7. ¿El padrón de beneficiarios está sistematizado?',2,1),(574,98,'8. ¿Los procesos de ejecución funcionan de acuerdo con la normatividad aplicable?',2,1),(575,98,'9. ¿Se tiene pleno conocimiento de la normatividad aplicable para efectos de proporcionar información, en términos de transparencia y rendición de cuentas? (copiar y pegar el link).',2,1),(576,98,'10. ¿Cuáles son las fuentes y montos de financiamiento del Programa?',1,1),(577,98,'11. Completar el siguiente cuadro: Cuadro de Evolución del presupuesto del Programa Presupuestario',1,1),(578,99,'12. ¿Cuál es el mecanismo y la frecuencia con la que se da seguimiento y monitoreo a los indicadores de desempeño del Programa?',1,1),(579,100,'1. El problema o necesidad prioritaria que busca resolver el programa está identificado en un documento que cuenta con la siguiente información: a) El problema o necesidad se formula como un hecho negativo o como una situación que puede ser revertida iden',3,1),(580,100,'2. ¿Existe justificación teórica o empírica documentada que sustente el tipo de intervención que el programa lleva a cabo?',3,1),(581,101,'3. El Propósito del programa está vinculado con los objetivos del programa sectorial, especial o institucional considerando que: a) Existen conceptos comunes entre el Propósito y los objetivos del programa sectorial, especial o institucional por ejemplo: ',3,1),(582,101,'4. ¿Con cuáles objetivos y estrategias del Plan Estatal de Desarrollo vigente está vinculado el objetivo sectorial, especial o institucional relacionado con el programa?',1,1),(583,101,'5. ¿El Propósito del programa está vinculado con los Objetivos del Desarrollo del Milenio a nivel subnacional o la Agenda de Desarrollo Post 2015?',1,1),(584,102,'6. Las poblaciones, potencial y objetivo, están definidas en documentos oficiales y/o en el diagnóstico del problema y cuentan con la siguiente información y características: a) Unidad de medida. b) Están cuantificadas. c) Metodología para su cuantificaci',3,1),(585,102,'7. ¿El programa cuenta con información sistematizada que permite conocer la demanda total de apoyos y las características de los solicitantes? (socioeconómica en el caso de personas físicas y específica en el caso de personas morales) ',3,1),(586,102,'8. El programa cuenta con una estrategia de cobertura documentada para atender a su población objetivo con las siguientes características: a) Incluye la definición de la población objetivo. b) Especifica metas de cobertura anual. c) Abarca un horizonte de',3,1),(587,102,'9. Los procedimientos del programa para la selección de beneficiarios y/o proyectos tienen las siguientes características: a) Incluyen criterios de elegibilidad claramente especificados, es decir, no existe ambigüedad en su redacción. b) Están estandariza',3,1),(588,102,'10. Los procedimientos para recibir, registrar y dar trámite a las solicitudes de apoyo cuentan con las siguientes características: a) Corresponden a las características de la población objetivo. b) Existen formatos definidos. c) Están disponibles para la',3,1),(589,103,'11. Existe información que permita conocer quiénes reciben los apoyos del programa (padrón de beneficiarios) que: a) Incluya las características de los beneficiarios establecidas en su documento normativo. b) Incluya el tipo de apoyo otorgado. c) Esté sis',3,1),(590,103,'12. Los procedimientos para otorgar los apoyos a los beneficiarios tienen las siguientes características: a) Están estandarizados, es decir, son utilizados por todas las instancias ejecutoras. b) Están sistematizados. c) Están difundidos públicamente. d) ',3,1),(591,103,'13. Si el programa recolecta información socioeconómica de sus beneficiarios, explique el procedimiento para llevarlo a cabo, las variables que mide y la temporalidad de las mediciones.',1,1),(592,104,'14. Para cada uno de los Componentes de la MIR del programa existe una o un grupo de Actividades que: a) Están claramente especificadas, es decir, no existe ambigüedad en su redacción. b) Están ordenadas de manera cronológica. c) Son necesarias, es decir,',3,1),(593,104,'15. Los Componentes señalados en la MIR cumplen con las siguientes características: a) Son los bienes o servicios que produce el programa. b) Están redactados como resultados logrados, por ejemplo becas entregadas. c) Son necesarios, es decir, ninguno de ',3,1),(594,104,'16. El Propósito de la MIR cuenta con las siguientes características: a) Es consecuencia directa que se espera ocurrirá como resultado de los Componentes y los supuestos a ese nivel de objetivos. b) Su logro no está controlado por los responsables del pro',3,1),(595,104,'17. El Fin de la MIR cuenta con las siguientes características: a) Está claramente especificado, es decir, no existe ambigüedad en su redacción. b) Es un objetivo superior al que el programa contribuye, es decir, no se espera que la ejecución del programa',3,1),(596,104,'18. ¿En el documento normativo del programa es posible identificar el resumen narrativo de la MIR (Fin, Propósito, Componentes y Actividades)? ',3,1),(597,104,'19. En cada uno de los niveles de objetivos de la MIR del programa (Fin, Propósito, Componentes y Actividades) existen indicadores para medir el desempeño del programa con las siguientes características: a) Claros. b) Relevantes. c) Económicos. d) Monitor',3,1),(598,104,'20. Las Fichas Técnicas de los indicadores del programa cuentan con la siguiente información: a) Nombre. b) Definición. c) Método de cálculo. d) Unidad de Medida. e) Frecuencia de Medición. f) Línea base. g) Metas. h) Comportamiento del indicador (ascende',3,1),(599,104,'21. Las metas de los indicadores de la MIR del programa tienen las siguientes características: a) Cuentan con unidad de medida. b) Están orientadas a impulsar el desempeño, es decir, no son laxas. c) Son factibles de alcanzar considerando los plazos y los',3,1),(600,104,'22. Cuántos de los indicadores incluidos en la MIR tienen especificados medios de verificación con las siguientes características: a) Oficiales o institucionales. b) Con un nombre que permita identificarlos. c) Permiten reproducir el cálculo del indicador',3,1),(601,104,'23. Considerando el conjunto Objetivo-Indicadores-Medios de verificación, es decir, cada renglón de la MIR del programa es posible identificar lo siguiente: a) Los medios de verificación son los necesarios para calcular los indicadores, es decir, ninguno ',3,1),(602,104,'24. Sugiera modificaciones en la MIR del programa o incorpore los cambios que resuelvan las deficiencias encontradas en cada uno de sus elementos a partir de sus respuestas a las preguntas de este apartado.',1,1),(603,105,'25. El programa identifica y cuantifica los gastos en los que incurre para generar los bienes y los servicios (Componentes) que ofrece y los desglosa en los siguientes conceptos: a) Gastos en operación: Se deben incluir los directos (gastos derivados de l',3,1),(604,105,'26. El programa cuenta con mecanismos de transparencia y rendición de cuentas con las siguientes características: a) Las ROP o documento normativo están disponibles en una página electrónica de manera accesible, a menos de tres clics. b) Los principales r',3,1),(605,106,'27. ¿Con cuáles programas y en qué aspectos el programa evaluado podría tener complementariedad y/o coincidencias?',1,1),(606,107,'1. Descripción General del Programa Presupuestario',1,1),(607,107,'2. ¿Cuál es el problema que se intenta resolver a través de los bienes y servicios que se ofertan a través del Programa Presupuestario? ',1,1),(608,70,'3. De los indicadores definidos en la MIR del Programa (a nivel Fin y Propósito) ¿Cuál es el grado de cumplimiento de las metas de dichos indicadores?',1,1),(609,70,'4. ¿Cuáles son las razones o factores que determinaron el grado observado en el cumplimiento de las metas?',1,1),(610,70,'5. ¿Se puede establecer que la implementación del Programa durante el ejercicio correspondiente fue efectiva?',2,1),(611,70,'6. ¿Las metas planteadas por el programa son factibles de cumplirse en los plazos establecidos en la MIR?',2,1),(612,108,'7. Durante el ejercicio sujeto de evaluación, ¿Cuál es el grado de cumplimiento de las metas fijadas en la MIR respecto de la provisión de los Componentes a los beneficiarios del Programa?',1,1),(613,108,'8. ¿Son las especificaciones de los apoyos otorgados las que requieren para obtener los resultados e impactos que se proponen el Programa?',2,1),(614,108,'9. ¿Es el ejercicio financiero, adecuado y oportuno de acuerdo a las metas planteadas por el Programa?',2,1),(615,108,'10. ¿Las metas establecidas en la MIR son congruentes con la demanda de los beneficiarios?',2,1),(616,109,'11. ¿El programa identifica de manera cualitativa y cuantitativa a la población potencial, objetivo y atendida?',2,1),(617,109,'12. ¿En qué medida el Programa está cubriendo (atendiendo con sus bienes y servicios) a la población que se propusieron atender (población objetivo)?',1,1),(618,109,'13. ¿La cobertura observada de la población objetivo permitió alcanzar la meta establecida en la MIR para el ejercicio correspondiente?',2,1),(619,109,'14. ¿La cobertura observada de la población objetivo permite avizorar que se cubrirá a toda la población objetivo al final del Programa?',2,1),(620,109,'15. ¿En qué regiones del Estado se concentró la atención del Programa?',1,1),(621,109,'16. ¿En qué estratos de la población objetivo se concentró la atención del Programa?',1,1),(622,109,'17. ¿Existe correspondencia entre la población atendida y los estratos de población objetivo considerados como prioritarios en la gestión del Programa?',2,1),(623,109,'18. Eficacia y Economía. Completar la siguiente tabla:',1,1),(624,110,'19. ¿Se conservan los apoyos otorgados por el Programa?',2,1),(625,110,'20. ¿Cuál es la tasa de sobreviviencia de los proyectos apoyados o los apoyos otorgados?',1,1),(626,110,'21. Si se aprovechan los apoyos otorgados, ¿Cuál es el grado de aprovechamiento (uso o sub-uso) de estos?',1,1),(627,110,'22. De ser el caso, ¿A qué se debe el posible no sub-uso de los apoyos por parte de los beneficiarios?',1,1),(628,111,'23. ¿Cómo se valora el trato recibido por los beneficiarios a lo largo del proceso de solicitud de los apoyos?',1,1),(629,111,'24. De acuerdo a las necesidades de los beneficiarios, ¿Fue razonable el tiempo transcurrido entre la solicitud y la entrega de los apoyos?',2,1),(630,111,'25. ¿Qué porcentaje de beneficiarios están satisfechos con el servicio que otorga el área responsable del Programa?',1,1),(631,111,'26. ¿Cuál es la razón beneficio/costo del trámite de los apoyos desde el punto de vista de los beneficiarios?',1,1),(632,111,'27. ¿Los apoyos recibidos satisfacen las especificaciones de las necesidades reales sentidas por los beneficiarios?',2,1),(633,107,'Con base en información solicitada a los responsables del programa, se debe se capturar en el Anexo 1 Descripción General del Programa, una breve descripción de la información reportada en un máximo de dos cuartillas. Dicha descripción debe considerar l',1,1),(634,100,'1. El problema o necesidad prioritaria que busca resolver el programa está identificado en un documento que cuenta con la siguiente información: a) El problema o necesidad se formula como un hecho negativo o como una situación que puede ser revertida iden',3,1),(635,100,'2. ¿Existe justificación teórica o empírica documentada que sustente el tipo de intervención que el programa lleva a cabo?',3,1),(636,101,'3. ¿Con cuáles objetivos, estrategias y líneas de acción del Plan Nacional de Desarrollo vigente está vinculado el propósito del programa?',1,1),(637,101,'4. ¿Con cuáles objetivos y estrategias del Plan Estatal de Desarrollo vigente está vinculado el objetivo sectorial, especial o institucional relacionado con el programa?',1,1),(638,101,'5. El Propósito del programa está vinculado con los objetivos del programa sectorial, especial o institucional considerando que: b) Existen conceptos comunes entre el Propósito y los objetivos del programa sectorial, especial o institucional por ejemplo: ',3,1),(639,112,'6. Las poblaciones, potencial y objetivo, están definidas en documentos oficiales y/o en el diagnóstico del problema y cuentan con la siguiente información y características: a) Unidad de medida. b) Están cuantificadas. c) Metodología para su cuantificaci',3,1),(640,112,'7.Mecanismos de elegibilidad El programa cuenta con una estrategia de cobertura documentada para atender a su población objetivo con las siguientes características: a) Incluye la definición de la población objetivo. b) Especifica metas de cobertura anual.',3,1),(641,112,'8. ¿El programa cuenta con información sistematizada que permite conocer la demanda total de apoyos y las características de los solicitantes? (socioeconómica en el caso de personas físicas y específica en el caso de personas morales)',2,1),(642,112,'9. Los procedimientos del programa para la selección de beneficiarios y/o proyectos tienen las siguientes características: a) Incluyen criterios de elegibilidad claramente especificados, es decir, no existe ambigüedad en su redacción. b) Están estandariza',3,1),(643,112,'10. Los procedimientos para recibir, registrar y dar trámite a las solicitudes de apoyo cuentan con las siguientes características: a) Corresponden a las características de la población objetivo. b) Existen formatos definidos. c) Están disponibles para la',3,1),(644,103,' 11. Existe información que permita conocer quiénes reciben los apoyos del programa (padrón de beneficiarios) que: a) Incluya las características de los beneficiarios establecidas en su documento normativo. b) Incluya el tipo de apoyo otorgado. c) Esté si',3,1),(645,103,'12. Los procedimientos para otorgar los apoyos a los beneficiarios tienen las siguientes características: a) Están estandarizados, es decir, son utilizados por todas las instancias ejecutoras. b) Están sistematizados. c) Están difundidos públicamente. d) ',3,1),(646,103,'13. Si el programa recolecta información socioeconómica de sus beneficiarios, explique el procedimiento para llevarlo a cabo, las variables que mide y la temporalidad de las mediciones.',1,1),(647,113,'14. Para cada uno de los Componentes de la MIR del programa existe una o un grupo de Actividades que: a) Están claramente especificadas, es decir, no existe ambigüedad en su redacción. b) Están ordenadas de manera cronológica. c) Son necesarias, es decir,',3,1),(648,113,'15. Los Componentes señalados en la MIR cumplen con las siguientes características: a) Son los bienes o servicios que produce el programa. b) Están redactados como resultados logrados, por ejemplo becas entregadas. c) Son necesarios, es decir, ninguno de ',3,1),(649,113,'16. El Propósito de la MIR cuenta con las siguientes características: a) Es consecuencia directa que se espera ocurrirá como resultado de los Componentes y los supuestos a ese nivel de objetivos. b) Su logro no está controlado por los responsables del pro',3,1),(650,113,'17. El Fin de la MIR cuenta con las siguientes características: a) Está claramente especificado, es decir, no existe ambigüedad en su redacción. b) Es un objetivo superior al que el programa contribuye, es decir, no se espera que la ejecución del programa',3,1),(651,113,'18. ¿En las Reglas de Operación o el documento normativo del programa es posible identificar el resumen narrativo de la MIR (Fin, Propósito, Componentes y Actividades)? ',3,1),(652,113,'19. En cada uno de los niveles de objetivos de la MIR del programa (Fin, Propósito, Componentes y Actividades) existen indicadores para medir el desempeño del programa con las siguientes características: a) Claros. b) Relevantes. c) Económicos. d) Monitor',3,1),(653,113,'20.Las Fichas Técnicas de los indicadores del programa cuentan con la siguiente información: a) Nombre. b) Definición. c) Método de cálculo. d) Unidad de Medida. e) Frecuencia de Medición. f) Línea base. g) Metas. h) Comportamiento del indicador (ascenden',3,1),(654,113,'21. Las metas de los indicadores de la MIR del programa tienen las siguientes características: a) Cuentan con unidad de medida. b) Están orientadas a impulsar el desempeño, es decir, no son laxas. c) Son factibles de alcanzar considerando los plazos y los',3,1),(655,113,'22. Cuántos de los indicadores incluidos en la MIR tienen especificados medios de verificación con las siguientes características: a) Oficiales o institucionales. b) Con un nombre que permita identificarlos. c) Permiten reproducir el cálculo del indicador',3,1),(656,113,'23. Considerando el conjunto Objetivo-Indicadores-Medios de verificación, es decir, cada renglón de la MIR del programa es posible identificar lo siguiente: a) Los medios de verificación son los necesarios para calcular los indicadores, es decir, ninguno ',3,1),(657,113,'24. Sugiera modificaciones en la MIR del programa o incorpore los cambios que resuelvan las deficiencias encontradas en cada uno de sus elementos a partir de sus respuestas a las preguntas de este apartado.',1,1),(658,114,'25. El programa cumple con las siguientes características: a) Identifica y cuantifica los gastos en los que incurre para generar los bienes y los servicios (Componentes) que ofrece. b) El registro presupuestal cumple con las normas establecidas por el Con',3,1),(659,114,'26. El programa cuenta con mecanismos de transparencia y rendición de cuentas con las siguientes características: a) Las ROP o documento normativo están disponibles en una página electrónica de manera accesible, a menos de tres clics. b) Los principales r',3,1),(660,115,'27. ¿Con cuáles programas y en qué aspectos el programa evaluado podría tener complementariedad y/o coincidencias?',1,1),(661,116,'1. Con base en la información solicitada a los responsables del programa, se debe capturar en el Anexo 1 Descripción General del Programa Presupuestario, una breve descripción de la información reportada en un máximo de dos cuartillas. Dicha descripción',1,1),(662,116,'2. ¿Cuál es el problema que se intenta resolver a través de los bienes y servicios que se ofertan a través del Programa Presupuestario?',1,1),(663,70,'3. De los indicadores definidos en la MIR del Programa (a nivel Fin y Propósito) ¿Cuál es el grado de cumplimiento de las metas de dichos indicadores?',1,1),(664,70,'4. ¿Cuáles son las razones o factores que determinaron el grado observado en el cumplimiento de las metas?',1,1),(665,70,'5. ¿Se puede establecer que la implementación del Programa durante el ejercicio correspondiente fue efectiva?',1,1),(666,70,'6. ¿Las metas planteadas por el programa son factibles de cumplirse en los plazos establecidos en la MIR?',1,1),(667,108,'7. Durante el ejercicio sujeto de evaluación, ¿Cuál es el grado de cumplimiento de las metas fijadas en la MIR respecto de la provisión de los Componentes a los beneficiarios de los Programas?',1,1),(668,108,'8. ¿Son las especificaciones de los apoyos otorgados las que requieren para obtener los resultados e impactos que se proponen los Programas?',1,1),(669,108,'9. ¿Es el ejercicio financiero, adecuado y oportuno de acuerdo a las metas planteadas por los Programas?',1,1),(670,108,'10. ¿Las metas establecidas en la MIR son congruentes con la demanda identificada por el programa?',1,1),(671,109,'11. ¿El programa identifica de manera cualitativa y cuantitativa a la población potencial, objetivo y atendida?',1,1),(672,109,'12. ¿En qué medida el Programa está cubriendo (atendiendo con sus bienes y servicios) a la población que se propusieron atender (población objetivo)?',1,1),(673,109,'13. ¿La cobertura observada de la población objetivo permitió alcanzar la meta establecida en la MIR para el ejercicio correspondiente?',1,1),(674,109,'14. ¿La cobertura observada de la población objetivo permite avizorar que se cubrirá a toda la población objetivo al final del Programa?',1,1),(675,109,'15. ¿En qué regiones del Estado se concentró la atención de los Programas?',1,1),(676,109,'16. ¿En qué estratos de la población objetivo se concentró la atención del Programa?',1,1),(677,109,'17. ¿Existe correspondencia entre la población atendida y los estratos de población objetivo considerados como prioritarios en la gestión de los Programas?',1,1),(678,109,'18. Eficacia y Economía. Completar la siguiente tabla:',1,1),(679,110,'19. ¿Se conservan los apoyos otorgados por los Programas?',1,1),(680,110,'20. ¿Cuál es la tasa de sobreviviencia de los proyectos apoyados y/o los apoyos otorgados?',1,1),(681,110,'21. Si se aprovechan los apoyos otorgados, ¿Cuál es el grado de aprovechamiento (uso o sub-uso) de estos?',1,1),(682,110,'22. De ser el caso, ¿A qué se debe el posible no sub-uso de los apoyos por parte de los beneficiarios?',1,1),(683,111,'23. ¿Cómo se valora el trato recibido por el beneficiario a lo largo del proceso de solicitud de los apoyos?',1,1),(684,111,'24. De acuerdo a las necesidades de los beneficiarios, ¿Fue razonable el tiempo transcurrido entre la solicitud y la entrega de los apoyos?',1,1),(685,111,'25. ¿Qué porcentaje de beneficiarios están satisfechos con el bien o servicio que otorga el Programa?',1,1),(686,117,'26. Del total de los Aspectos Susceptibles de Mejora (ASM) clasificados como específicos y/o institucionales de los últimos tres años, ¿qué porcentaje han sido solventados acorde con lo establecido en los documentos de opinión y de trabajo? ',1,1),(687,117,'27. ¿Con las acciones definidas en los documentos de trabajo que a la fecha se han implementado, provenientes de los Mecanismos para el seguimiento a los aspectos susceptibles de mejora de los últimos tres años, se han logrado los resultados establecidos?',1,1),(688,117,'28. ¿Qué recomendaciones de la(s) evaluación(es) externa(s) de los últimos tres años no han sido atendidas y por qué?',1,1),(689,117,'29. A partir del análisis de las evaluaciones externas realizadas al programa y de su experiencia en la temática ¿qué temas del programa considera importante evaluar mediante instancias externas? ',1,1),(690,89,'1. Descripción del Fondo',1,1),(691,89,'2. ¿Cuál es el problema que se intenta resolver a través de los bienes y servicios que se ofertan a través del fondo?',1,1),(692,66,'3. Completar el siguiente cuadro de texto:',1,1),(693,66,'4. Identificar cada uno de los Programas presupuestarios que ejercen recursos del Fondo.',1,1),(694,66,'5. ¿Cada uno de los Programas presupuestarios asociados al fondo, tienen Matrices de Indicadores de Resultado (MIR)?',2,1),(695,66,'6. Las MIR de cada programa asociado al fondo, ¿tienen indicadores para todos los niveles y estos a su vez tienen línea base, meta y plazos?',2,1),(696,118,'7. ¿Se reporta el avance físico-financiero en el Portal Aplicativo de la SHCP (PASH)?',2,1),(697,118,'8. Informe sobre los resultados de la ficha técnica de indicadores PASH.',1,1),(698,119,'9. ¿El Fondo cuenta con Reglas de Operación?',1,1),(699,119,'10. Completar la siguiente tabla de los recursos del Fondo:',1,1),(700,119,'11. Completar la siguiente tabla de los recursos de los Programas Presupuestarios:',1,1),(701,119,'12. Completar la siguiente tabla de indicadores de Eficacia y Economía.',1,1),(702,119,'13. ¿Existe una sistematización adecuada en la administración y operación del Fondo?',2,1),(703,119,'14. ¿El recurso ministrado se transfirió a las instancias ejecutoras en tiempo y forma? ',2,1),(704,119,'15. ¿Se cuenta con una planeación estratégica previa que defina las acciones, obras, proyectos, actividades, bienes y servicios a entregar con el recurso del Fondo? ',2,1),(705,119,'16. ¿Cuál es la garantía de que la distribución en obras y proyectos, bienes y servicios es consistente con el objetivo del Fondo?',1,1),(706,119,'17. ¿Los recursos se aplican en tiempo y forma?',2,1),(707,119,'18. ¿Se tiene pleno conocimiento de la normatividad aplicable para efectos de proporcionar información, en términos de trasparencia y rendición de cuentas? ',2,1),(708,119,'19. ¿Se cumple con los ordenamientos de normatividad aplicable en materia de información de resultados y financiera, en tiempo y forma? ',2,1),(709,89,'1. Presentar, en un máximo de tres cuartillas, una breve descripción del Fondo que contenga las siguientes características:',1,1),(710,66,'2. ¿El Propósito del fondo está vinculado con los objetivos de la Planeación del Desarrollo?',1,1),(711,66,'3. Los programas presupuestarios estatales que ejercen recursos del fondo, ¿Dan cumplimiento o contribuyen al logro de los objetivos del Fondo?',1,1),(712,66,'4. ¿Cada uno de los Programas Presupuestarios asociados al fondo tiene Matrices de Indicadores de Resultado (MIR), con indicadores para todos los niveles y estos a su vez tienen línea base, meta, plazos y medios de verificación?',1,1),(713,118,'5. ¿Se registra el avance físico-financiero, así como la localización de todos los proyectos de inversión financiados con los recursos del Fondo en el Sistema de Formato Único (SFU)? (Reporte de Gestión de Proyectos).',1,1),(714,118,'6. ¿Se registra el avance financiero de la totalidad del Fondo, desagregado por partida genérica en el Sistema de Formato Único (SFU) desagregada por partida genérica?',1,1),(715,118,'7. ¿Se registra la totalidad de metas y avances de los indicadores del Fondo?',1,1),(716,118,'8. Completar la siguiente tabla de indicadores de Eficacia y Economía.',1,1),(717,118,'9. ¿Se registran las evaluaciones realizadas a programas financiados con recursos del Fondo o subfondo?',1,1),(718,118,'10. ¿Qué recomendaciones de la(s) evaluación(es) externa(s) de los últimos tres años no han sido atendidas y por qué?Con base en lo anterior y referente al inicio de las evaluaciones, en la entidad se identificaron las siguientes recomendaciones por año d',1,1),(719,89,'1. Presentar, en un máximo de tres cuartillas, una breve descripción del Fondo que contenga las siguientes características:',1,1),(720,66,'2. ¿El Propósito del fondo está vinculado con los objetivos de la Planeación del Desarrollo?',1,1),(721,66,'3. ¿Los programas presupuestarios estatales que ejercen recursos del fondo, ¿Dan cumplimiento o contribuyen al logro de los objetivos del Fondo?',1,1),(722,66,'4. ¿Cada uno de los Programas Presupuestarios asociados al fondo tiene Matrices de Indicadores de Resultado (MIR), con indicadores para todos los niveles y estos a su vez tienen línea base, meta, plazos y medios de verificación?',1,1),(723,118,'5. ¿Se registra el avance físico-financiero, así como la localización de todos los proyectos de inversión financiados con los recursos del Fondo en el Sistema de Formato Único (SFU)? (Reporte de Gestión de Proyectos).',2,1),(724,118,'6. ¿Se registra el avance financiero de la totalidad del Fondo, desagregado por partida genérica en el Sistema de Formato Único (SFU) desagregada por partida genérica?',1,1),(725,118,'7. ¿Se registra la totalidad de metas y avances de los indicadores del Fondo?',1,1),(726,118,'8. Completar la siguiente tabla de indicadores de Eficacia y Economía.',1,1),(727,118,'9. ¿Se registran las evaluaciones realizadas a programas financiados con recursos del Fondo o subfondo?',1,1),(728,118,'10. ¿Qué recomendaciones de la(s) evaluación(es) externa(s) de los últimos tres años no han sido atendidas y por qué?',1,1);

/*Table structure for table `rol` */

DROP TABLE IF EXISTS `rol`;

CREATE TABLE `rol` (
  `iIdRol` int(10) unsigned NOT NULL AUTO_INCREMENT,
  `vRol` varchar(100) NOT NULL,
  `iActivo` tinyint(1) unsigned NOT NULL DEFAULT '1' COMMENT '1:Sí, 0:No',
  PRIMARY KEY (`iIdRol`)
) ENGINE=InnoDB AUTO_INCREMENT=4 DEFAULT CHARSET=utf8;

/*Data for the table `rol` */

insert  into `rol`(`iIdRol`,`vRol`,`iActivo`) values (1,'Administrador',1),(2,'Evaluador',1),(3,'Dependencia',1);

/*Table structure for table `rolpermiso` */

DROP TABLE IF EXISTS `rolpermiso`;

CREATE TABLE `rolpermiso` (
  `iIdRol` int(10) unsigned NOT NULL,
  `iIdPermiso` int(10) unsigned NOT NULL,
  `iTIpoAcceso` tinyint(1) unsigned NOT NULL DEFAULT '1' COMMENT '0:Denegado, 1:Lectura, 2:Escritura y lectura',
  PRIMARY KEY (`iIdRol`,`iIdPermiso`),
  KEY `FK_RolPermiso_Permiso` (`iIdPermiso`),
  CONSTRAINT `FK_RolPermiso_Permiso` FOREIGN KEY (`iIdPermiso`) REFERENCES `permiso` (`iIdPermiso`),
  CONSTRAINT `FK_RolPermiso_Rol` FOREIGN KEY (`iIdRol`) REFERENCES `rol` (`iIdRol`)
) ENGINE=InnoDB DEFAULT CHARSET=utf8;

/*Data for the table `rolpermiso` */

insert  into `rolpermiso`(`iIdRol`,`iIdPermiso`,`iTIpoAcceso`) values (1,1,2),(1,2,2),(1,3,2),(1,4,2),(1,5,2),(1,6,2),(1,7,2),(1,8,2),(1,9,2),(2,3,2),(2,5,2),(3,3,2),(3,5,2);

/*Table structure for table `tipoconclusion` */

DROP TABLE IF EXISTS `tipoconclusion`;

CREATE TABLE `tipoconclusion` (
  `iIdTipoConclusion` int(10) unsigned NOT NULL AUTO_INCREMENT,
  `vTipoConclusion` varchar(100) NOT NULL,
  `iActivo` tinyint(1) unsigned NOT NULL DEFAULT '1',
  PRIMARY KEY (`iIdTipoConclusion`)
) ENGINE=InnoDB AUTO_INCREMENT=5 DEFAULT CHARSET=utf8;

/*Data for the table `tipoconclusion` */

insert  into `tipoconclusion`(`iIdTipoConclusion`,`vTipoConclusion`,`iActivo`) values (1,'Fortaleza',1),(2,'Oportunidad',1),(3,'Debilidad',1),(4,'Amenaza',1);

/*Table structure for table `tipocontratacion` */

DROP TABLE IF EXISTS `tipocontratacion`;

CREATE TABLE `tipocontratacion` (
  `iIdTipoContratacion` int(10) unsigned NOT NULL AUTO_INCREMENT,
  `vTipoContratacion` varchar(100) NOT NULL,
  `iActivo` tinyint(1) unsigned NOT NULL DEFAULT '1',
  PRIMARY KEY (`iIdTipoContratacion`)
) ENGINE=InnoDB AUTO_INCREMENT=6 DEFAULT CHARSET=utf8;

/*Data for the table `tipocontratacion` */

insert  into `tipocontratacion`(`iIdTipoContratacion`,`vTipoContratacion`,`iActivo`) values (1,'Adjudicación directa',1),(2,'Invitación a tres',1),(3,'Licitación pública nacional',1),(4,'Licitación pública internacional',1),(5,'Otra: Señalar',1);

/*Table structure for table `tipoevaluacion` */

DROP TABLE IF EXISTS `tipoevaluacion`;

CREATE TABLE `tipoevaluacion` (
  `iIdTipoEvaluacion` int(10) unsigned NOT NULL AUTO_INCREMENT,
  `vTipoEvaluacion` varchar(100) NOT NULL,
  `iActivo` tinyint(1) unsigned NOT NULL DEFAULT '1' COMMENT '1:Sí, 0:No',
  `iOrden` int(2) NOT NULL DEFAULT '0' COMMENT 'Indica el orden del catálogo',
  PRIMARY KEY (`iIdTipoEvaluacion`)
) ENGINE=InnoDB AUTO_INCREMENT=10 DEFAULT CHARSET=utf8;

/*Data for the table `tipoevaluacion` */

insert  into `tipoevaluacion`(`iIdTipoEvaluacion`,`vTipoEvaluacion`,`iActivo`,`iOrden`) values (1,'Evaluación de diseño',1,0),(2,'Evaluación de proceso',1,0),(3,'Evaluación de Indicadores ',0,0),(4,'Evaluación de consistencia y resultados',1,0),(5,'Evaluación específica de desempeño',1,0),(6,'Evaluación de impacto',1,0),(7,'Evaluación estratégica',1,0),(8,'Evaluación complementaria del desempeño',1,0),(9,'Evaluación sintética del desempeño',1,0);

/*Table structure for table `tipofondo` */

DROP TABLE IF EXISTS `tipofondo`;

CREATE TABLE `tipofondo` (
  `iIdTipoFondo` int(10) unsigned NOT NULL AUTO_INCREMENT,
  `vTipoFondo` varchar(250) NOT NULL,
  `iActivo` tinyint(1) unsigned NOT NULL DEFAULT '1',
  PRIMARY KEY (`iIdTipoFondo`)
) ENGINE=InnoDB DEFAULT CHARSET=utf8;

/*Data for the table `tipofondo` */

/*Table structure for table `tipopp` */

DROP TABLE IF EXISTS `tipopp`;

CREATE TABLE `tipopp` (
  `iIdTipoPP` int(10) unsigned NOT NULL AUTO_INCREMENT,
  `vTipoPP` varchar(100) NOT NULL,
  `iActivo` tinyint(1) unsigned NOT NULL DEFAULT '1' COMMENT '0:No, 1:Sí',
  PRIMARY KEY (`iIdTipoPP`)
) ENGINE=InnoDB AUTO_INCREMENT=2 DEFAULT CHARSET=utf8;

/*Data for the table `tipopp` */

insert  into `tipopp`(`iIdTipoPP`,`vTipoPP`,`iActivo`) values (1,'Tipo 1',1);

/*Table structure for table `tipopregunta` */

DROP TABLE IF EXISTS `tipopregunta`;

CREATE TABLE `tipopregunta` (
  `iIdTipoPregunta` int(10) unsigned NOT NULL AUTO_INCREMENT,
  `vTipoPregunta` varchar(100) NOT NULL,
  `iActivo` tinyint(1) unsigned NOT NULL DEFAULT '1' COMMENT '1:Sí, 0:No',
  PRIMARY KEY (`iIdTipoPregunta`)
) ENGINE=InnoDB AUTO_INCREMENT=4 DEFAULT CHARSET=utf8;

/*Data for the table `tipopregunta` */

insert  into `tipopregunta`(`iIdTipoPregunta`,`vTipoPregunta`,`iActivo`) values (1,'Pregunta dicotómica',1),(2,'Pregunta dicotómica con niveles de respuesta',1),(3,'Pregunta abierta',1);

/*Table structure for table `usuario` */

DROP TABLE IF EXISTS `usuario`;

CREATE TABLE `usuario` (
  `iIdUsuario` int(10) unsigned NOT NULL AUTO_INCREMENT,
  `vUsuario` varchar(100) NOT NULL,
  `vPassword` varchar(255) NOT NULL COMMENT 'Password códificado en SHA1',
  `vTitulo` varchar(50) NOT NULL DEFAULT '' COMMENT 'Título de nobleza',
  `vNombres` varchar(100) NOT NULL,
  `vApellidoPaterno` varchar(100) NOT NULL,
  `vApellidoMaterno` varchar(100) NOT NULL,
  `vCorreo1` varchar(100) NOT NULL,
  `vCorreo2` varchar(100) NOT NULL DEFAULT '',
  `vTelefono` varchar(100) NOT NULL DEFAULT '',
  `vCargo` varchar(150) NOT NULL DEFAULT '' COMMENT 'Cargo o puesto del usuario dentro de su organización',
  `vCelular` varchar(100) NOT NULL,
  `iIdOrganismo` int(10) NOT NULL,
  `iIdRol` int(10) unsigned NOT NULL,
  `iActivo` tinyint(1) unsigned NOT NULL DEFAULT '1' COMMENT '1:Sí, 0:No',
  PRIMARY KEY (`iIdUsuario`),
  KEY `FK_Usuario_Rol` (`iIdRol`),
  KEY `FK_Usuario_Organismo` (`iIdOrganismo`),
  CONSTRAINT `FK_Usuario_Organismo` FOREIGN KEY (`iIdOrganismo`) REFERENCES `organismo` (`iIdOrganismo`),
  CONSTRAINT `FK_Usuario_Rol` FOREIGN KEY (`iIdRol`) REFERENCES `rol` (`iIdRol`)
) ENGINE=InnoDB AUTO_INCREMENT=9 DEFAULT CHARSET=utf8;

/*Data for the table `usuario` */

insert  into `usuario`(`iIdUsuario`,`vUsuario`,`vPassword`,`vTitulo`,`vNombres`,`vApellidoPaterno`,`vApellidoMaterno`,`vCorreo1`,`vCorreo2`,`vTelefono`,`vCargo`,`vCelular`,`iIdOrganismo`,`iIdRol`,`iActivo`) values (1,'admin','7110eda4d09e062aa5e4a390b0a572ac0d2c0220','ISC','Jorge Emilio','Estrella','Zavala','jorge.alph@gmail.com','jorge.alph@gmail.com','(999)9451092','Coordinador','99918832725',2,1,1),(2,'jl','7110eda4d09e062aa5e4a390b0a572ac0d2c0220','ljl','ljl','ljl','ljl','lj','lj','lj','lj','l',1,1,0),(3,'jorge.estrella','7110eda4d09e062aa5e4a390b0a572ac0d2c0220','ISC','Jorge','Estrella','Zavala','jorge.ago@hotmail.com','jorge.ago@hotmail.com','9991832725','Coordinador','19991832725',1,2,0),(4,'jorge.estrella','7110eda4d09e062aa5e4a390b0a572ac0d2c0220','ISC','Jorge','Estrella','Zavala','jorge.alph@gmail.com','jorge.alph@gmail.com','19991832725','Coordinador','9991832725',1,1,0),(5,'jorge.estrella','7110eda4d09e062aa5e4a390b0a572ac0d2c0220','ISC','Jorge Emilio','Estrella','Zavala','jorge.alph@gmail.com','jorge.alph@gmail.com','19991832725','Coordinador','9991832527',1,1,0),(6,'Evaluador','7110eda4d09e062aa5e4a390b0a572ac0d2c0220','ISC','SEMUJERES','SEMUJERES','SEMUJERES','jorge.alph@gmail.com','jorge.alph2@gmail.com','19991832725','Operador','19991832725',1,2,1),(7,'Dependencia','7110eda4d09e062aa5e4a390b0a572ac0d2c0220','ISC','SEMUJERES','SEMUJERES','SEMUJERES','jorge.alph@gmail.com','jorge.alph2@gmail.com','19991832725','Dependencia','19991832725',2,3,1),(8,'SEPLAN','36e618512a68721f032470bb0891adef3362cfa9','.','SEPLAN','.','.','noreply@yucatan.gob.mx','noreply@yucatan.gob.mx','9999451092','.','.',1,3,1);

/*Table structure for table `usuariopermiso` */

DROP TABLE IF EXISTS `usuariopermiso`;

CREATE TABLE `usuariopermiso` (
  `iIdUsuario` int(10) unsigned NOT NULL,
  `iIdPermiso` int(10) unsigned NOT NULL,
  `iTipoAcceso` tinyint(1) unsigned NOT NULL COMMENT '0:Denegado, 1:Lectura, 2:Escritura y Lectura',
  PRIMARY KEY (`iIdUsuario`,`iIdPermiso`),
  KEY `FK_UsuarioPermiso_Permiso` (`iIdPermiso`),
  CONSTRAINT `FK_UsuarioPermiso_Permiso` FOREIGN KEY (`iIdPermiso`) REFERENCES `permiso` (`iIdPermiso`),
  CONSTRAINT `FK_UsuarioPermiso_Usuario` FOREIGN KEY (`iIdUsuario`) REFERENCES `usuario` (`iIdUsuario`)
) ENGINE=InnoDB DEFAULT CHARSET=utf8;

/*Data for the table `usuariopermiso` */

/*!40101 SET SQL_MODE=@OLD_SQL_MODE */;
/*!40014 SET FOREIGN_KEY_CHECKS=@OLD_FOREIGN_KEY_CHECKS */;
/*!40014 SET UNIQUE_CHECKS=@OLD_UNIQUE_CHECKS */;
/*!40111 SET SQL_NOTES=@OLD_SQL_NOTES */;
